team,type,name,url
angels-of-death,datacards,assault-intercessor-grenadier_back,https://raw.githubusercontent.com/Wen-Qualtu/kt-datacards/main/output/angels-of-death/datacards/assault-intercessor-grenadier_back.jpg
angels-of-death,datacards,assault-intercessor-grenadier_front,https://raw.githubusercontent.com/Wen-Qualtu/kt-datacards/main/output/angels-of-death/datacards/assault-intercessor-grenadier_front.jpg
angels-of-death,datacards,assault-intercessor-sergeant_back,https://raw.githubusercontent.com/Wen-Qualtu/kt-datacards/main/output/angels-of-death/datacards/assault-intercessor-sergeant_back.jpg
angels-of-death,datacards,assault-intercessor-sergeant_front,https://raw.githubusercontent.com/Wen-Qualtu/kt-datacards/main/output/angels-of-death/datacards/assault-intercessor-sergeant_front.jpg
angels-of-death,datacards,assault-intercessor-warrior_back,https://raw.githubusercontent.com/Wen-Qualtu/kt-datacards/main/output/angels-of-death/datacards/assault-intercessor-warrior_back.jpg
angels-of-death,datacards,assault-intercessor-warrior_front,https://raw.githubusercontent.com/Wen-Qualtu/kt-datacards/main/output/angels-of-death/datacards/assault-intercessor-warrior_front.jpg
angels-of-death,datacards,eliminator-sniper_back,https://raw.githubusercontent.com/Wen-Qualtu/kt-datacards/main/output/angels-of-death/datacards/eliminator-sniper_back.jpg
angels-of-death,datacards,eliminator-sniper_front,https://raw.githubusercontent.com/Wen-Qualtu/kt-datacards/main/output/angels-of-death/datacards/eliminator-sniper_front.jpg
angels-of-death,datacards,heavy-intercessor-gunner_back,https://raw.githubusercontent.com/Wen-Qualtu/kt-datacards/main/output/angels-of-death/datacards/heavy-intercessor-gunner_back.jpg
angels-of-death,datacards,heavy-intercessor-gunner_front,https://raw.githubusercontent.com/Wen-Qualtu/kt-datacards/main/output/angels-of-death/datacards/heavy-intercessor-gunner_front.jpg
angels-of-death,datacards,intercessor-gunner_back,https://raw.githubusercontent.com/Wen-Qualtu/kt-datacards/main/output/angels-of-death/datacards/intercessor-gunner_back.jpg
angels-of-death,datacards,intercessor-gunner_front,https://raw.githubusercontent.com/Wen-Qualtu/kt-datacards/main/output/angels-of-death/datacards/intercessor-gunner_front.jpg
angels-of-death,datacards,intercessor-sergeant_back,https://raw.githubusercontent.com/Wen-Qualtu/kt-datacards/main/output/angels-of-death/datacards/intercessor-sergeant_back.jpg
angels-of-death,datacards,intercessor-sergeant_front,https://raw.githubusercontent.com/Wen-Qualtu/kt-datacards/main/output/angels-of-death/datacards/intercessor-sergeant_front.jpg
angels-of-death,datacards,intercessor-warrior_back,https://raw.githubusercontent.com/Wen-Qualtu/kt-datacards/main/output/angels-of-death/datacards/intercessor-warrior_back.jpg
angels-of-death,datacards,intercessor-warrior_front,https://raw.githubusercontent.com/Wen-Qualtu/kt-datacards/main/output/angels-of-death/datacards/intercessor-warrior_front.jpg
angels-of-death,datacards,space-marine-captain_back,https://raw.githubusercontent.com/Wen-Qualtu/kt-datacards/main/output/angels-of-death/datacards/space-marine-captain_back.jpg
angels-of-death,datacards,space-marine-captain_front,https://raw.githubusercontent.com/Wen-Qualtu/kt-datacards/main/output/angels-of-death/datacards/space-marine-captain_front.jpg
angels-of-death,equipment,angel-of-death_back,https://raw.githubusercontent.com/Wen-Qualtu/kt-datacards/main/output/angels-of-death/equipment/angel-of-death_back.jpg
angels-of-death,equipment,angel-of-death_front,https://raw.githubusercontent.com/Wen-Qualtu/kt-datacards/main/output/angels-of-death/equipment/angel-of-death_front.jpg
angels-of-death,faction-rules,astartes_back,https://raw.githubusercontent.com/Wen-Qualtu/kt-datacards/main/output/angels-of-death/faction-rules/astartes_back.jpg
angels-of-death,faction-rules,astartes_front,https://raw.githubusercontent.com/Wen-Qualtu/kt-datacards/main/output/angels-of-death/faction-rules/astartes_front.jpg
angels-of-death,faction-rules,chapter-tactics_back,https://raw.githubusercontent.com/Wen-Qualtu/kt-datacards/main/output/angels-of-death/faction-rules/chapter-tactics_back.jpg
angels-of-death,faction-rules,chapter-tactics_front,https://raw.githubusercontent.com/Wen-Qualtu/kt-datacards/main/output/angels-of-death/faction-rules/chapter-tactics_front.jpg
angels-of-death,faction-rules,faction-rule-1_back,https://raw.githubusercontent.com/Wen-Qualtu/kt-datacards/main/output/angels-of-death/faction-rules/faction-rule-1_back.jpg
angels-of-death,faction-rules,faction-rule-1_front,https://raw.githubusercontent.com/Wen-Qualtu/kt-datacards/main/output/angels-of-death/faction-rules/faction-rule-1_front.jpg
angels-of-death,firefight-ploys,angel-of-death_back,https://raw.githubusercontent.com/Wen-Qualtu/kt-datacards/main/output/angels-of-death/firefight-ploys/angel-of-death_back.jpg
angels-of-death,firefight-ploys,angel-of-death_front,https://raw.githubusercontent.com/Wen-Qualtu/kt-datacards/main/output/angels-of-death/firefight-ploys/angel-of-death_front.jpg
angels-of-death,operatives,operatives_back,https://raw.githubusercontent.com/Wen-Qualtu/kt-datacards/main/output/angels-of-death/operatives/operatives_back.jpg
angels-of-death,operatives,operatives_front,https://raw.githubusercontent.com/Wen-Qualtu/kt-datacards/main/output/angels-of-death/operatives/operatives_front.jpg
angels-of-death,strategy-ploys,angel-of-death_back,https://raw.githubusercontent.com/Wen-Qualtu/kt-datacards/main/output/angels-of-death/strategy-ploys/angel-of-death_back.jpg
angels-of-death,strategy-ploys,angel-of-death_front,https://raw.githubusercontent.com/Wen-Qualtu/kt-datacards/main/output/angels-of-death/strategy-ploys/angel-of-death_front.jpg
battleclade,datacards,battleclade-auto-proxy-servitor_back,https://raw.githubusercontent.com/Wen-Qualtu/kt-datacards/main/output/battleclade/datacards/battleclade-auto-proxy-servitor_back.jpg
battleclade,datacards,battleclade-auto-proxy-servitor_front,https://raw.githubusercontent.com/Wen-Qualtu/kt-datacards/main/output/battleclade/datacards/battleclade-auto-proxy-servitor_front.jpg
battleclade,datacards,battleclade-breacher-servitor_back,https://raw.githubusercontent.com/Wen-Qualtu/kt-datacards/main/output/battleclade/datacards/battleclade-breacher-servitor_back.jpg
battleclade,datacards,battleclade-breacher-servitor_front,https://raw.githubusercontent.com/Wen-Qualtu/kt-datacards/main/output/battleclade/datacards/battleclade-breacher-servitor_front.jpg
battleclade,datacards,battleclade-combat-servitor_back,https://raw.githubusercontent.com/Wen-Qualtu/kt-datacards/main/output/battleclade/datacards/battleclade-combat-servitor_back.jpg
battleclade,datacards,battleclade-combat-servitor_front,https://raw.githubusercontent.com/Wen-Qualtu/kt-datacards/main/output/battleclade/datacards/battleclade-combat-servitor_front.jpg
battleclade,datacards,battleclade-gun-servitor_back,https://raw.githubusercontent.com/Wen-Qualtu/kt-datacards/main/output/battleclade/datacards/battleclade-gun-servitor_back.jpg
battleclade,datacards,battleclade-gun-servitor_front,https://raw.githubusercontent.com/Wen-Qualtu/kt-datacards/main/output/battleclade/datacards/battleclade-gun-servitor_front.jpg
battleclade,datacards,battleclade-servitor-underseer_back,https://raw.githubusercontent.com/Wen-Qualtu/kt-datacards/main/output/battleclade/datacards/battleclade-servitor-underseer_back.jpg
battleclade,datacards,battleclade-servitor-underseer_front,https://raw.githubusercontent.com/Wen-Qualtu/kt-datacards/main/output/battleclade/datacards/battleclade-servitor-underseer_front.jpg
battleclade,datacards,battleclade-technoarcheologist_back,https://raw.githubusercontent.com/Wen-Qualtu/kt-datacards/main/output/battleclade/datacards/battleclade-technoarcheologist_back.jpg
battleclade,datacards,battleclade-technoarcheologist_front,https://raw.githubusercontent.com/Wen-Qualtu/kt-datacards/main/output/battleclade/datacards/battleclade-technoarcheologist_front.jpg
battleclade,datacards,battleclade-technomedic-servitor_back,https://raw.githubusercontent.com/Wen-Qualtu/kt-datacards/main/output/battleclade/datacards/battleclade-technomedic-servitor_back.jpg
battleclade,datacards,battleclade-technomedic-servitor_front,https://raw.githubusercontent.com/Wen-Qualtu/kt-datacards/main/output/battleclade/datacards/battleclade-technomedic-servitor_front.jpg
battleclade,equipment,concealed-apparatus_back,https://raw.githubusercontent.com/Wen-Qualtu/kt-datacards/main/output/battleclade/equipment/concealed-apparatus_back.jpg
battleclade,equipment,concealed-apparatus_front,https://raw.githubusercontent.com/Wen-Qualtu/kt-datacards/main/output/battleclade/equipment/concealed-apparatus_front.jpg
battleclade,equipment,covert-guises_back,https://raw.githubusercontent.com/Wen-Qualtu/kt-datacards/main/output/battleclade/equipment/covert-guises_back.jpg
battleclade,equipment,covert-guises_front,https://raw.githubusercontent.com/Wen-Qualtu/kt-datacards/main/output/battleclade/equipment/covert-guises_front.jpg
battleclade,equipment,electromantic-capacitors_back,https://raw.githubusercontent.com/Wen-Qualtu/kt-datacards/main/output/battleclade/equipment/electromantic-capacitors_back.jpg
battleclade,equipment,electromantic-capacitors_front,https://raw.githubusercontent.com/Wen-Qualtu/kt-datacards/main/output/battleclade/equipment/electromantic-capacitors_front.jpg
battleclade,equipment,neurocyclic-reserve-cells_back,https://raw.githubusercontent.com/Wen-Qualtu/kt-datacards/main/output/battleclade/equipment/neurocyclic-reserve-cells_back.jpg
battleclade,equipment,neurocyclic-reserve-cells_front,https://raw.githubusercontent.com/Wen-Qualtu/kt-datacards/main/output/battleclade/equipment/neurocyclic-reserve-cells_front.jpg
battleclade,faction-rules,markertoken-guide_back,https://raw.githubusercontent.com/Wen-Qualtu/kt-datacards/main/output/battleclade/faction-rules/markertoken-guide_back.jpg
battleclade,faction-rules,markertoken-guide_front,https://raw.githubusercontent.com/Wen-Qualtu/kt-datacards/main/output/battleclade/faction-rules/markertoken-guide_front.jpg
battleclade,faction-rules,noospheric-network_back,https://raw.githubusercontent.com/Wen-Qualtu/kt-datacards/main/output/battleclade/faction-rules/noospheric-network_back.jpg
battleclade,faction-rules,noospheric-network_front,https://raw.githubusercontent.com/Wen-Qualtu/kt-datacards/main/output/battleclade/faction-rules/noospheric-network_front.jpg
battleclade,firefight-ploys,auto-ferric-supplication_back,https://raw.githubusercontent.com/Wen-Qualtu/kt-datacards/main/output/battleclade/firefight-ploys/auto-ferric-supplication_back.jpg
battleclade,firefight-ploys,auto-ferric-supplication_front,https://raw.githubusercontent.com/Wen-Qualtu/kt-datacards/main/output/battleclade/firefight-ploys/auto-ferric-supplication_front.jpg
battleclade,firefight-ploys,remote-access_back,https://raw.githubusercontent.com/Wen-Qualtu/kt-datacards/main/output/battleclade/firefight-ploys/remote-access_back.jpg
battleclade,firefight-ploys,remote-access_front,https://raw.githubusercontent.com/Wen-Qualtu/kt-datacards/main/output/battleclade/firefight-ploys/remote-access_front.jpg
battleclade,firefight-ploys,servile-surrogacy_back,https://raw.githubusercontent.com/Wen-Qualtu/kt-datacards/main/output/battleclade/firefight-ploys/servile-surrogacy_back.jpg
battleclade,firefight-ploys,servile-surrogacy_front,https://raw.githubusercontent.com/Wen-Qualtu/kt-datacards/main/output/battleclade/firefight-ploys/servile-surrogacy_front.jpg
battleclade,firefight-ploys,system-exorcism_back,https://raw.githubusercontent.com/Wen-Qualtu/kt-datacards/main/output/battleclade/firefight-ploys/system-exorcism_back.jpg
battleclade,firefight-ploys,system-exorcism_front,https://raw.githubusercontent.com/Wen-Qualtu/kt-datacards/main/output/battleclade/firefight-ploys/system-exorcism_front.jpg
battleclade,operatives,operatives_back,https://raw.githubusercontent.com/Wen-Qualtu/kt-datacards/main/output/battleclade/operatives/operatives_back.jpg
battleclade,operatives,operatives_front,https://raw.githubusercontent.com/Wen-Qualtu/kt-datacards/main/output/battleclade/operatives/operatives_front.jpg
battleclade,strategy-ploys,duty-of-reclamation_back,https://raw.githubusercontent.com/Wen-Qualtu/kt-datacards/main/output/battleclade/strategy-ploys/duty-of-reclamation_back.jpg
battleclade,strategy-ploys,duty-of-reclamation_front,https://raw.githubusercontent.com/Wen-Qualtu/kt-datacards/main/output/battleclade/strategy-ploys/duty-of-reclamation_front.jpg
battleclade,strategy-ploys,incantation-of-the-iron-soul_back,https://raw.githubusercontent.com/Wen-Qualtu/kt-datacards/main/output/battleclade/strategy-ploys/incantation-of-the-iron-soul_back.jpg
battleclade,strategy-ploys,incantation-of-the-iron-soul_front,https://raw.githubusercontent.com/Wen-Qualtu/kt-datacards/main/output/battleclade/strategy-ploys/incantation-of-the-iron-soul_front.jpg
battleclade,strategy-ploys,noospheric-possession_back,https://raw.githubusercontent.com/Wen-Qualtu/kt-datacards/main/output/battleclade/strategy-ploys/noospheric-possession_back.jpg
battleclade,strategy-ploys,noospheric-possession_front,https://raw.githubusercontent.com/Wen-Qualtu/kt-datacards/main/output/battleclade/strategy-ploys/noospheric-possession_front.jpg
battleclade,strategy-ploys,prioritised-acquisition_back,https://raw.githubusercontent.com/Wen-Qualtu/kt-datacards/main/output/battleclade/strategy-ploys/prioritised-acquisition_back.jpg
battleclade,strategy-ploys,prioritised-acquisition_front,https://raw.githubusercontent.com/Wen-Qualtu/kt-datacards/main/output/battleclade/strategy-ploys/prioritised-acquisition_front.jpg
blooded,datacards,traitor-brimstone-grenadier_back,https://raw.githubusercontent.com/Wen-Qualtu/kt-datacards/main/output/blooded/datacards/traitor-brimstone-grenadier_back.jpg
blooded,datacards,traitor-brimstone-grenadier_front,https://raw.githubusercontent.com/Wen-Qualtu/kt-datacards/main/output/blooded/datacards/traitor-brimstone-grenadier_front.jpg
blooded,datacards,traitor-butcher_back,https://raw.githubusercontent.com/Wen-Qualtu/kt-datacards/main/output/blooded/datacards/traitor-butcher_back.jpg
blooded,datacards,traitor-butcher_front,https://raw.githubusercontent.com/Wen-Qualtu/kt-datacards/main/output/blooded/datacards/traitor-butcher_front.jpg
blooded,datacards,traitor-chieftain_back,https://raw.githubusercontent.com/Wen-Qualtu/kt-datacards/main/output/blooded/datacards/traitor-chieftain_back.jpg
blooded,datacards,traitor-chieftain_front,https://raw.githubusercontent.com/Wen-Qualtu/kt-datacards/main/output/blooded/datacards/traitor-chieftain_front.jpg
blooded,datacards,traitor-commsman_back,https://raw.githubusercontent.com/Wen-Qualtu/kt-datacards/main/output/blooded/datacards/traitor-commsman_back.jpg
blooded,datacards,traitor-commsman_front,https://raw.githubusercontent.com/Wen-Qualtu/kt-datacards/main/output/blooded/datacards/traitor-commsman_front.jpg
blooded,datacards,traitor-corpseman_back,https://raw.githubusercontent.com/Wen-Qualtu/kt-datacards/main/output/blooded/datacards/traitor-corpseman_back.jpg
blooded,datacards,traitor-corpseman_front,https://raw.githubusercontent.com/Wen-Qualtu/kt-datacards/main/output/blooded/datacards/traitor-corpseman_front.jpg
blooded,datacards,traitor-enforcer_back,https://raw.githubusercontent.com/Wen-Qualtu/kt-datacards/main/output/blooded/datacards/traitor-enforcer_back.jpg
blooded,datacards,traitor-enforcer_front,https://raw.githubusercontent.com/Wen-Qualtu/kt-datacards/main/output/blooded/datacards/traitor-enforcer_front.jpg
blooded,datacards,traitor-flenser_back,https://raw.githubusercontent.com/Wen-Qualtu/kt-datacards/main/output/blooded/datacards/traitor-flenser_back.jpg
blooded,datacards,traitor-flenser_front,https://raw.githubusercontent.com/Wen-Qualtu/kt-datacards/main/output/blooded/datacards/traitor-flenser_front.jpg
blooded,datacards,traitor-gunner_back,https://raw.githubusercontent.com/Wen-Qualtu/kt-datacards/main/output/blooded/datacards/traitor-gunner_back.jpg
blooded,datacards,traitor-gunner_front,https://raw.githubusercontent.com/Wen-Qualtu/kt-datacards/main/output/blooded/datacards/traitor-gunner_front.jpg
blooded,datacards,traitor-ogryn_back,https://raw.githubusercontent.com/Wen-Qualtu/kt-datacards/main/output/blooded/datacards/traitor-ogryn_back.jpg
blooded,datacards,traitor-ogryn_front,https://raw.githubusercontent.com/Wen-Qualtu/kt-datacards/main/output/blooded/datacards/traitor-ogryn_front.jpg
blooded,datacards,traitor-sharpshooter_back,https://raw.githubusercontent.com/Wen-Qualtu/kt-datacards/main/output/blooded/datacards/traitor-sharpshooter_back.jpg
blooded,datacards,traitor-sharpshooter_front,https://raw.githubusercontent.com/Wen-Qualtu/kt-datacards/main/output/blooded/datacards/traitor-sharpshooter_front.jpg
blooded,datacards,traitor-thug_back,https://raw.githubusercontent.com/Wen-Qualtu/kt-datacards/main/output/blooded/datacards/traitor-thug_back.jpg
blooded,datacards,traitor-thug_front,https://raw.githubusercontent.com/Wen-Qualtu/kt-datacards/main/output/blooded/datacards/traitor-thug_front.jpg
blooded,datacards,traitor-trench-sweeper_back,https://raw.githubusercontent.com/Wen-Qualtu/kt-datacards/main/output/blooded/datacards/traitor-trench-sweeper_back.jpg
blooded,datacards,traitor-trench-sweeper_front,https://raw.githubusercontent.com/Wen-Qualtu/kt-datacards/main/output/blooded/datacards/traitor-trench-sweeper_front.jpg
blooded,datacards,traitor-trooper_back,https://raw.githubusercontent.com/Wen-Qualtu/kt-datacards/main/output/blooded/datacards/traitor-trooper_back.jpg
blooded,datacards,traitor-trooper_front,https://raw.githubusercontent.com/Wen-Qualtu/kt-datacards/main/output/blooded/datacards/traitor-trooper_front.jpg
blooded,equipment,chaos-sigil_back,https://raw.githubusercontent.com/Wen-Qualtu/kt-datacards/main/output/blooded/equipment/chaos-sigil_back.jpg
blooded,equipment,chaos-sigil_front,https://raw.githubusercontent.com/Wen-Qualtu/kt-datacards/main/output/blooded/equipment/chaos-sigil_front.jpg
blooded,equipment,sinister-trophies_back,https://raw.githubusercontent.com/Wen-Qualtu/kt-datacards/main/output/blooded/equipment/sinister-trophies_back.jpg
blooded,equipment,sinister-trophies_front,https://raw.githubusercontent.com/Wen-Qualtu/kt-datacards/main/output/blooded/equipment/sinister-trophies_front.jpg
blooded,equipment,symbols-of-bloody-worship_back,https://raw.githubusercontent.com/Wen-Qualtu/kt-datacards/main/output/blooded/equipment/symbols-of-bloody-worship_back.jpg
blooded,equipment,symbols-of-bloody-worship_front,https://raw.githubusercontent.com/Wen-Qualtu/kt-datacards/main/output/blooded/equipment/symbols-of-bloody-worship_front.jpg
blooded,equipment,wicked-blades_back,https://raw.githubusercontent.com/Wen-Qualtu/kt-datacards/main/output/blooded/equipment/wicked-blades_back.jpg
blooded,equipment,wicked-blades_front,https://raw.githubusercontent.com/Wen-Qualtu/kt-datacards/main/output/blooded/equipment/wicked-blades_front.jpg
blooded,faction-rules,faction-rule-1_back,https://raw.githubusercontent.com/Wen-Qualtu/kt-datacards/main/output/blooded/faction-rules/faction-rule-1_back.jpg
blooded,faction-rules,faction-rule-1_front,https://raw.githubusercontent.com/Wen-Qualtu/kt-datacards/main/output/blooded/faction-rules/faction-rule-1_front.jpg
blooded,faction-rules,markertoken-guide_back,https://raw.githubusercontent.com/Wen-Qualtu/kt-datacards/main/output/blooded/faction-rules/markertoken-guide_back.jpg
blooded,faction-rules,markertoken-guide_front,https://raw.githubusercontent.com/Wen-Qualtu/kt-datacards/main/output/blooded/faction-rules/markertoken-guide_front.jpg
blooded,firefight-ploys,callous-disregard_back,https://raw.githubusercontent.com/Wen-Qualtu/kt-datacards/main/output/blooded/firefight-ploys/callous-disregard_back.jpg
blooded,firefight-ploys,callous-disregard_front,https://raw.githubusercontent.com/Wen-Qualtu/kt-datacards/main/output/blooded/firefight-ploys/callous-disregard_front.jpg
blooded,firefight-ploys,dark-favour_back,https://raw.githubusercontent.com/Wen-Qualtu/kt-datacards/main/output/blooded/firefight-ploys/dark-favour_back.jpg
blooded,firefight-ploys,dark-favour_front,https://raw.githubusercontent.com/Wen-Qualtu/kt-datacards/main/output/blooded/firefight-ploys/dark-favour_front.jpg
blooded,firefight-ploys,moment-of-repute_back,https://raw.githubusercontent.com/Wen-Qualtu/kt-datacards/main/output/blooded/firefight-ploys/moment-of-repute_back.jpg
blooded,firefight-ploys,moment-of-repute_front,https://raw.githubusercontent.com/Wen-Qualtu/kt-datacards/main/output/blooded/firefight-ploys/moment-of-repute_front.jpg
blooded,firefight-ploys,reward-earned_back,https://raw.githubusercontent.com/Wen-Qualtu/kt-datacards/main/output/blooded/firefight-ploys/reward-earned_back.jpg
blooded,firefight-ploys,reward-earned_front,https://raw.githubusercontent.com/Wen-Qualtu/kt-datacards/main/output/blooded/firefight-ploys/reward-earned_front.jpg
blooded,operatives,operatives_back,https://raw.githubusercontent.com/Wen-Qualtu/kt-datacards/main/output/blooded/operatives/operatives_back.jpg
blooded,operatives,operatives_front,https://raw.githubusercontent.com/Wen-Qualtu/kt-datacards/main/output/blooded/operatives/operatives_front.jpg
blooded,strategy-ploys,bitter-demise_back,https://raw.githubusercontent.com/Wen-Qualtu/kt-datacards/main/output/blooded/strategy-ploys/bitter-demise_back.jpg
blooded,strategy-ploys,bitter-demise_front,https://raw.githubusercontent.com/Wen-Qualtu/kt-datacards/main/output/blooded/strategy-ploys/bitter-demise_front.jpg
blooded,strategy-ploys,glory-kill_back,https://raw.githubusercontent.com/Wen-Qualtu/kt-datacards/main/output/blooded/strategy-ploys/glory-kill_back.jpg
blooded,strategy-ploys,glory-kill_front,https://raw.githubusercontent.com/Wen-Qualtu/kt-datacards/main/output/blooded/strategy-ploys/glory-kill_front.jpg
blooded,strategy-ploys,malevolent-grit_back,https://raw.githubusercontent.com/Wen-Qualtu/kt-datacards/main/output/blooded/strategy-ploys/malevolent-grit_back.jpg
blooded,strategy-ploys,malevolent-grit_front,https://raw.githubusercontent.com/Wen-Qualtu/kt-datacards/main/output/blooded/strategy-ploys/malevolent-grit_front.jpg
blooded,strategy-ploys,reckless-aspirant_back,https://raw.githubusercontent.com/Wen-Qualtu/kt-datacards/main/output/blooded/strategy-ploys/reckless-aspirant_back.jpg
blooded,strategy-ploys,reckless-aspirant_front,https://raw.githubusercontent.com/Wen-Qualtu/kt-datacards/main/output/blooded/strategy-ploys/reckless-aspirant_front.jpg
canoptek-circle,datacards,canoptek-macrocyte-accelerator_back,https://raw.githubusercontent.com/Wen-Qualtu/kt-datacards/main/output/canoptek-circle/datacards/canoptek-macrocyte-accelerator_back.jpg
canoptek-circle,datacards,canoptek-macrocyte-accelerator_front,https://raw.githubusercontent.com/Wen-Qualtu/kt-datacards/main/output/canoptek-circle/datacards/canoptek-macrocyte-accelerator_front.jpg
canoptek-circle,datacards,canoptek-macrocyte-reanimator_back,https://raw.githubusercontent.com/Wen-Qualtu/kt-datacards/main/output/canoptek-circle/datacards/canoptek-macrocyte-reanimator_back.jpg
canoptek-circle,datacards,canoptek-macrocyte-reanimator_front,https://raw.githubusercontent.com/Wen-Qualtu/kt-datacards/main/output/canoptek-circle/datacards/canoptek-macrocyte-reanimator_front.jpg
canoptek-circle,datacards,canoptek-macrocyte-warrior_back,https://raw.githubusercontent.com/Wen-Qualtu/kt-datacards/main/output/canoptek-circle/datacards/canoptek-macrocyte-warrior_back.jpg
canoptek-circle,datacards,canoptek-macrocyte-warrior_front,https://raw.githubusercontent.com/Wen-Qualtu/kt-datacards/main/output/canoptek-circle/datacards/canoptek-macrocyte-warrior_front.jpg
canoptek-circle,datacards,canoptek-tomb-crawler_back,https://raw.githubusercontent.com/Wen-Qualtu/kt-datacards/main/output/canoptek-circle/datacards/canoptek-tomb-crawler_back.jpg
canoptek-circle,datacards,canoptek-tomb-crawler_front,https://raw.githubusercontent.com/Wen-Qualtu/kt-datacards/main/output/canoptek-circle/datacards/canoptek-tomb-crawler_front.jpg
canoptek-circle,datacards,geomancer-actions_back,https://raw.githubusercontent.com/Wen-Qualtu/kt-datacards/main/output/canoptek-circle/datacards/geomancer-actions_back.jpg
canoptek-circle,datacards,geomancer-actions_front,https://raw.githubusercontent.com/Wen-Qualtu/kt-datacards/main/output/canoptek-circle/datacards/geomancer-actions_front.jpg
canoptek-circle,datacards,geomancer_back,https://raw.githubusercontent.com/Wen-Qualtu/kt-datacards/main/output/canoptek-circle/datacards/geomancer_back.jpg
canoptek-circle,datacards,geomancer_front,https://raw.githubusercontent.com/Wen-Qualtu/kt-datacards/main/output/canoptek-circle/datacards/geomancer_front.jpg
canoptek-circle,equipment,awakened-obelisk-nodes_back,https://raw.githubusercontent.com/Wen-Qualtu/kt-datacards/main/output/canoptek-circle/equipment/awakened-obelisk-nodes_back.jpg
canoptek-circle,equipment,awakened-obelisk-nodes_front,https://raw.githubusercontent.com/Wen-Qualtu/kt-datacards/main/output/canoptek-circle/equipment/awakened-obelisk-nodes_front.jpg
canoptek-circle,equipment,matrix-manipulator_back,https://raw.githubusercontent.com/Wen-Qualtu/kt-datacards/main/output/canoptek-circle/equipment/matrix-manipulator_back.jpg
canoptek-circle,equipment,matrix-manipulator_front,https://raw.githubusercontent.com/Wen-Qualtu/kt-datacards/main/output/canoptek-circle/equipment/matrix-manipulator_front.jpg
canoptek-circle,equipment,nanoscarab-caskets_back,https://raw.githubusercontent.com/Wen-Qualtu/kt-datacards/main/output/canoptek-circle/equipment/nanoscarab-caskets_back.jpg
canoptek-circle,equipment,nanoscarab-caskets_front,https://raw.githubusercontent.com/Wen-Qualtu/kt-datacards/main/output/canoptek-circle/equipment/nanoscarab-caskets_front.jpg
canoptek-circle,equipment,phase-shifter_back,https://raw.githubusercontent.com/Wen-Qualtu/kt-datacards/main/output/canoptek-circle/equipment/phase-shifter_back.jpg
canoptek-circle,equipment,phase-shifter_front,https://raw.githubusercontent.com/Wen-Qualtu/kt-datacards/main/output/canoptek-circle/equipment/phase-shifter_front.jpg
canoptek-circle,faction-rules,markertoken-guide_back,https://raw.githubusercontent.com/Wen-Qualtu/kt-datacards/main/output/canoptek-circle/faction-rules/markertoken-guide_back.jpg
canoptek-circle,faction-rules,markertoken-guide_front,https://raw.githubusercontent.com/Wen-Qualtu/kt-datacards/main/output/canoptek-circle/faction-rules/markertoken-guide_front.jpg
canoptek-circle,faction-rules,obelisk-node-matrix_back,https://raw.githubusercontent.com/Wen-Qualtu/kt-datacards/main/output/canoptek-circle/faction-rules/obelisk-node-matrix_back.jpg
canoptek-circle,faction-rules,obelisk-node-matrix_front,https://raw.githubusercontent.com/Wen-Qualtu/kt-datacards/main/output/canoptek-circle/faction-rules/obelisk-node-matrix_front.jpg
canoptek-circle,firefight-ploys,animate-obelisk-nodes_back,https://raw.githubusercontent.com/Wen-Qualtu/kt-datacards/main/output/canoptek-circle/firefight-ploys/animate-obelisk-nodes_back.jpg
canoptek-circle,firefight-ploys,animate-obelisk-nodes_front,https://raw.githubusercontent.com/Wen-Qualtu/kt-datacards/main/output/canoptek-circle/firefight-ploys/animate-obelisk-nodes_front.jpg
canoptek-circle,firefight-ploys,nodal-response_back,https://raw.githubusercontent.com/Wen-Qualtu/kt-datacards/main/output/canoptek-circle/firefight-ploys/nodal-response_back.jpg
canoptek-circle,firefight-ploys,nodal-response_front,https://raw.githubusercontent.com/Wen-Qualtu/kt-datacards/main/output/canoptek-circle/firefight-ploys/nodal-response_front.jpg
canoptek-circle,firefight-ploys,sacrificial-thrall_back,https://raw.githubusercontent.com/Wen-Qualtu/kt-datacards/main/output/canoptek-circle/firefight-ploys/sacrificial-thrall_back.jpg
canoptek-circle,firefight-ploys,sacrificial-thrall_front,https://raw.githubusercontent.com/Wen-Qualtu/kt-datacards/main/output/canoptek-circle/firefight-ploys/sacrificial-thrall_front.jpg
canoptek-circle,firefight-ploys,shield-flare_back,https://raw.githubusercontent.com/Wen-Qualtu/kt-datacards/main/output/canoptek-circle/firefight-ploys/shield-flare_back.jpg
canoptek-circle,firefight-ploys,shield-flare_front,https://raw.githubusercontent.com/Wen-Qualtu/kt-datacards/main/output/canoptek-circle/firefight-ploys/shield-flare_front.jpg
canoptek-circle,operatives,operatives_back,https://raw.githubusercontent.com/Wen-Qualtu/kt-datacards/main/output/canoptek-circle/operatives/operatives_back.jpg
canoptek-circle,operatives,operatives_front,https://raw.githubusercontent.com/Wen-Qualtu/kt-datacards/main/output/canoptek-circle/operatives/operatives_front.jpg
canoptek-circle,strategy-ploys,cryptogravitic-repulsion_back,https://raw.githubusercontent.com/Wen-Qualtu/kt-datacards/main/output/canoptek-circle/strategy-ploys/cryptogravitic-repulsion_back.jpg
canoptek-circle,strategy-ploys,cryptogravitic-repulsion_front,https://raw.githubusercontent.com/Wen-Qualtu/kt-datacards/main/output/canoptek-circle/strategy-ploys/cryptogravitic-repulsion_front.jpg
canoptek-circle,strategy-ploys,hypershielding_back,https://raw.githubusercontent.com/Wen-Qualtu/kt-datacards/main/output/canoptek-circle/strategy-ploys/hypershielding_back.jpg
canoptek-circle,strategy-ploys,hypershielding_front,https://raw.githubusercontent.com/Wen-Qualtu/kt-datacards/main/output/canoptek-circle/strategy-ploys/hypershielding_front.jpg
canoptek-circle,strategy-ploys,souldrain_back,https://raw.githubusercontent.com/Wen-Qualtu/kt-datacards/main/output/canoptek-circle/strategy-ploys/souldrain_back.jpg
canoptek-circle,strategy-ploys,souldrain_front,https://raw.githubusercontent.com/Wen-Qualtu/kt-datacards/main/output/canoptek-circle/strategy-ploys/souldrain_front.jpg
canoptek-circle,strategy-ploys,transdynamic-amplification_back,https://raw.githubusercontent.com/Wen-Qualtu/kt-datacards/main/output/canoptek-circle/strategy-ploys/transdynamic-amplification_back.jpg
canoptek-circle,strategy-ploys,transdynamic-amplification_front,https://raw.githubusercontent.com/Wen-Qualtu/kt-datacards/main/output/canoptek-circle/strategy-ploys/transdynamic-amplification_front.jpg
deathwatch,datacards,deathwatch-aegis-veteran_back,https://raw.githubusercontent.com/Wen-Qualtu/kt-datacards/main/output/deathwatch/datacards/deathwatch-aegis-veteran_back.jpg
deathwatch,datacards,deathwatch-aegis-veteran_front,https://raw.githubusercontent.com/Wen-Qualtu/kt-datacards/main/output/deathwatch/datacards/deathwatch-aegis-veteran_front.jpg
deathwatch,datacards,deathwatch-blademaster-veteran_back,https://raw.githubusercontent.com/Wen-Qualtu/kt-datacards/main/output/deathwatch/datacards/deathwatch-blademaster-veteran_back.jpg
deathwatch,datacards,deathwatch-blademaster-veteran_front,https://raw.githubusercontent.com/Wen-Qualtu/kt-datacards/main/output/deathwatch/datacards/deathwatch-blademaster-veteran_front.jpg
deathwatch,datacards,deathwatch-bombard-veteran_back,https://raw.githubusercontent.com/Wen-Qualtu/kt-datacards/main/output/deathwatch/datacards/deathwatch-bombard-veteran_back.jpg
deathwatch,datacards,deathwatch-bombard-veteran_front,https://raw.githubusercontent.com/Wen-Qualtu/kt-datacards/main/output/deathwatch/datacards/deathwatch-bombard-veteran_front.jpg
deathwatch,datacards,deathwatch-breacher-veteran_back,https://raw.githubusercontent.com/Wen-Qualtu/kt-datacards/main/output/deathwatch/datacards/deathwatch-breacher-veteran_back.jpg
deathwatch,datacards,deathwatch-breacher-veteran_front,https://raw.githubusercontent.com/Wen-Qualtu/kt-datacards/main/output/deathwatch/datacards/deathwatch-breacher-veteran_front.jpg
deathwatch,datacards,deathwatch-demolisher-veteran_back,https://raw.githubusercontent.com/Wen-Qualtu/kt-datacards/main/output/deathwatch/datacards/deathwatch-demolisher-veteran_back.jpg
deathwatch,datacards,deathwatch-demolisher-veteran_front,https://raw.githubusercontent.com/Wen-Qualtu/kt-datacards/main/output/deathwatch/datacards/deathwatch-demolisher-veteran_front.jpg
deathwatch,datacards,deathwatch-disruptor-veteran_back,https://raw.githubusercontent.com/Wen-Qualtu/kt-datacards/main/output/deathwatch/datacards/deathwatch-disruptor-veteran_back.jpg
deathwatch,datacards,deathwatch-disruptor-veteran_front,https://raw.githubusercontent.com/Wen-Qualtu/kt-datacards/main/output/deathwatch/datacards/deathwatch-disruptor-veteran_front.jpg
deathwatch,datacards,deathwatch-gunner-veteran_back,https://raw.githubusercontent.com/Wen-Qualtu/kt-datacards/main/output/deathwatch/datacards/deathwatch-gunner-veteran_back.jpg
deathwatch,datacards,deathwatch-gunner-veteran_front,https://raw.githubusercontent.com/Wen-Qualtu/kt-datacards/main/output/deathwatch/datacards/deathwatch-gunner-veteran_front.jpg
deathwatch,datacards,deathwatch-headtaker-veteran_back,https://raw.githubusercontent.com/Wen-Qualtu/kt-datacards/main/output/deathwatch/datacards/deathwatch-headtaker-veteran_back.jpg
deathwatch,datacards,deathwatch-headtaker-veteran_front,https://raw.githubusercontent.com/Wen-Qualtu/kt-datacards/main/output/deathwatch/datacards/deathwatch-headtaker-veteran_front.jpg
deathwatch,datacards,deathwatch-horde-slayer-veteran_back,https://raw.githubusercontent.com/Wen-Qualtu/kt-datacards/main/output/deathwatch/datacards/deathwatch-horde-slayer-veteran_back.jpg
deathwatch,datacards,deathwatch-horde-slayer-veteran_front,https://raw.githubusercontent.com/Wen-Qualtu/kt-datacards/main/output/deathwatch/datacards/deathwatch-horde-slayer-veteran_front.jpg
deathwatch,datacards,deathwatch-marksman-veteran_back,https://raw.githubusercontent.com/Wen-Qualtu/kt-datacards/main/output/deathwatch/datacards/deathwatch-marksman-veteran_back.jpg
deathwatch,datacards,deathwatch-marksman-veteran_front,https://raw.githubusercontent.com/Wen-Qualtu/kt-datacards/main/output/deathwatch/datacards/deathwatch-marksman-veteran_front.jpg
deathwatch,datacards,deathwatch-watch-sergeant_back,https://raw.githubusercontent.com/Wen-Qualtu/kt-datacards/main/output/deathwatch/datacards/deathwatch-watch-sergeant_back.jpg
deathwatch,datacards,deathwatch-watch-sergeant_front,https://raw.githubusercontent.com/Wen-Qualtu/kt-datacards/main/output/deathwatch/datacards/deathwatch-watch-sergeant_front.jpg
deathwatch,equipment,ammunition-reserve_back,https://raw.githubusercontent.com/Wen-Qualtu/kt-datacards/main/output/deathwatch/equipment/ammunition-reserve_back.jpg
deathwatch,equipment,ammunition-reserve_front,https://raw.githubusercontent.com/Wen-Qualtu/kt-datacards/main/output/deathwatch/equipment/ammunition-reserve_front.jpg
deathwatch,equipment,digital-weapons_back,https://raw.githubusercontent.com/Wen-Qualtu/kt-datacards/main/output/deathwatch/equipment/digital-weapons_back.jpg
deathwatch,equipment,digital-weapons_front,https://raw.githubusercontent.com/Wen-Qualtu/kt-datacards/main/output/deathwatch/equipment/digital-weapons_front.jpg
deathwatch,equipment,sanctus-v-bioscryer-cuffs_back,https://raw.githubusercontent.com/Wen-Qualtu/kt-datacards/main/output/deathwatch/equipment/sanctus-v-bioscryer-cuffs_back.jpg
deathwatch,equipment,sanctus-v-bioscryer-cuffs_front,https://raw.githubusercontent.com/Wen-Qualtu/kt-datacards/main/output/deathwatch/equipment/sanctus-v-bioscryer-cuffs_front.jpg
deathwatch,equipment,scrutavore-servo-thrall_back,https://raw.githubusercontent.com/Wen-Qualtu/kt-datacards/main/output/deathwatch/equipment/scrutavore-servo-thrall_back.jpg
deathwatch,equipment,scrutavore-servo-thrall_front,https://raw.githubusercontent.com/Wen-Qualtu/kt-datacards/main/output/deathwatch/equipment/scrutavore-servo-thrall_front.jpg
deathwatch,faction-rules,markertoken-guide_back,https://raw.githubusercontent.com/Wen-Qualtu/kt-datacards/main/output/deathwatch/faction-rules/markertoken-guide_back.jpg
deathwatch,faction-rules,markertoken-guide_front,https://raw.githubusercontent.com/Wen-Qualtu/kt-datacards/main/output/deathwatch/faction-rules/markertoken-guide_front.jpg
deathwatch,faction-rules,special-issue-ammunition_back,https://raw.githubusercontent.com/Wen-Qualtu/kt-datacards/main/output/deathwatch/faction-rules/special-issue-ammunition_back.jpg
deathwatch,faction-rules,special-issue-ammunition_front,https://raw.githubusercontent.com/Wen-Qualtu/kt-datacards/main/output/deathwatch/faction-rules/special-issue-ammunition_front.jpg
deathwatch,faction-rules,veteran-astartes_back,https://raw.githubusercontent.com/Wen-Qualtu/kt-datacards/main/output/deathwatch/faction-rules/veteran-astartes_back.jpg
deathwatch,faction-rules,veteran-astartes_front,https://raw.githubusercontent.com/Wen-Qualtu/kt-datacards/main/output/deathwatch/faction-rules/veteran-astartes_front.jpg
deathwatch,firefight-ploys,advanced-auspex-scan_back,https://raw.githubusercontent.com/Wen-Qualtu/kt-datacards/main/output/deathwatch/firefight-ploys/advanced-auspex-scan_back.jpg
deathwatch,firefight-ploys,advanced-auspex-scan_front,https://raw.githubusercontent.com/Wen-Qualtu/kt-datacards/main/output/deathwatch/firefight-ploys/advanced-auspex-scan_front.jpg
deathwatch,firefight-ploys,auspicator-tracking_back,https://raw.githubusercontent.com/Wen-Qualtu/kt-datacards/main/output/deathwatch/firefight-ploys/auspicator-tracking_back.jpg
deathwatch,firefight-ploys,auspicator-tracking_front,https://raw.githubusercontent.com/Wen-Qualtu/kt-datacards/main/output/deathwatch/firefight-ploys/auspicator-tracking_front.jpg
deathwatch,firefight-ploys,suffer-not-the-alien_back,https://raw.githubusercontent.com/Wen-Qualtu/kt-datacards/main/output/deathwatch/firefight-ploys/suffer-not-the-alien_back.jpg
deathwatch,firefight-ploys,suffer-not-the-alien_front,https://raw.githubusercontent.com/Wen-Qualtu/kt-datacards/main/output/deathwatch/firefight-ploys/suffer-not-the-alien_front.jpg
deathwatch,firefight-ploys,transhuman-physiology_back,https://raw.githubusercontent.com/Wen-Qualtu/kt-datacards/main/output/deathwatch/firefight-ploys/transhuman-physiology_back.jpg
deathwatch,firefight-ploys,transhuman-physiology_front,https://raw.githubusercontent.com/Wen-Qualtu/kt-datacards/main/output/deathwatch/firefight-ploys/transhuman-physiology_front.jpg
deathwatch,operatives,operatives_back,https://raw.githubusercontent.com/Wen-Qualtu/kt-datacards/main/output/deathwatch/operatives/operatives_back.jpg
deathwatch,operatives,operatives_front,https://raw.githubusercontent.com/Wen-Qualtu/kt-datacards/main/output/deathwatch/operatives/operatives_front.jpg
deathwatch,strategy-ploys,and-they-shall-know-no-fear_back,https://raw.githubusercontent.com/Wen-Qualtu/kt-datacards/main/output/deathwatch/strategy-ploys/and-they-shall-know-no-fear_back.jpg
deathwatch,strategy-ploys,and-they-shall-know-no-fear_front,https://raw.githubusercontent.com/Wen-Qualtu/kt-datacards/main/output/deathwatch/strategy-ploys/and-they-shall-know-no-fear_front.jpg
deathwatch,strategy-ploys,mission-tactics_back,https://raw.githubusercontent.com/Wen-Qualtu/kt-datacards/main/output/deathwatch/strategy-ploys/mission-tactics_back.jpg
deathwatch,strategy-ploys,mission-tactics_front,https://raw.githubusercontent.com/Wen-Qualtu/kt-datacards/main/output/deathwatch/strategy-ploys/mission-tactics_front.jpg
deathwatch,strategy-ploys,the-long-vigil_back,https://raw.githubusercontent.com/Wen-Qualtu/kt-datacards/main/output/deathwatch/strategy-ploys/the-long-vigil_back.jpg
deathwatch,strategy-ploys,the-long-vigil_front,https://raw.githubusercontent.com/Wen-Qualtu/kt-datacards/main/output/deathwatch/strategy-ploys/the-long-vigil_front.jpg
deathwatch,strategy-ploys,the-shield-that-slays_back,https://raw.githubusercontent.com/Wen-Qualtu/kt-datacards/main/output/deathwatch/strategy-ploys/the-shield-that-slays_back.jpg
deathwatch,strategy-ploys,the-shield-that-slays_front,https://raw.githubusercontent.com/Wen-Qualtu/kt-datacards/main/output/deathwatch/strategy-ploys/the-shield-that-slays_front.jpg
farstalker-kinband,farstalker-datacards,kroot-bow-hunter_back,https://raw.githubusercontent.com/Wen-Qualtu/kt-datacards/main/output/farstalker-kinband/farstalker-datacards/kroot-bow-hunter_back.jpg
farstalker-kinband,farstalker-datacards,kroot-bow-hunter_front,https://raw.githubusercontent.com/Wen-Qualtu/kt-datacards/main/output/farstalker-kinband/farstalker-datacards/kroot-bow-hunter_front.jpg
farstalker-kinband,farstalker-datacards,kroot-cold-blood_back,https://raw.githubusercontent.com/Wen-Qualtu/kt-datacards/main/output/farstalker-kinband/farstalker-datacards/kroot-cold-blood_back.jpg
farstalker-kinband,farstalker-datacards,kroot-cold-blood_front,https://raw.githubusercontent.com/Wen-Qualtu/kt-datacards/main/output/farstalker-kinband/farstalker-datacards/kroot-cold-blood_front.jpg
farstalker-kinband,farstalker-datacards,kroot-cut-skin_back,https://raw.githubusercontent.com/Wen-Qualtu/kt-datacards/main/output/farstalker-kinband/farstalker-datacards/kroot-cut-skin_back.jpg
farstalker-kinband,farstalker-datacards,kroot-cut-skin_front,https://raw.githubusercontent.com/Wen-Qualtu/kt-datacards/main/output/farstalker-kinband/farstalker-datacards/kroot-cut-skin_front.jpg
farstalker-kinband,farstalker-datacards,kroot-heavy-gunner_back,https://raw.githubusercontent.com/Wen-Qualtu/kt-datacards/main/output/farstalker-kinband/farstalker-datacards/kroot-heavy-gunner_back.jpg
farstalker-kinband,farstalker-datacards,kroot-heavy-gunner_front,https://raw.githubusercontent.com/Wen-Qualtu/kt-datacards/main/output/farstalker-kinband/farstalker-datacards/kroot-heavy-gunner_front.jpg
farstalker-kinband,farstalker-datacards,kroot-hound_back,https://raw.githubusercontent.com/Wen-Qualtu/kt-datacards/main/output/farstalker-kinband/farstalker-datacards/kroot-hound_back.jpg
farstalker-kinband,farstalker-datacards,kroot-hound_front,https://raw.githubusercontent.com/Wen-Qualtu/kt-datacards/main/output/farstalker-kinband/farstalker-datacards/kroot-hound_front.jpg
farstalker-kinband,farstalker-datacards,kroot-kill-broker_back,https://raw.githubusercontent.com/Wen-Qualtu/kt-datacards/main/output/farstalker-kinband/farstalker-datacards/kroot-kill-broker_back.jpg
farstalker-kinband,farstalker-datacards,kroot-kill-broker_front,https://raw.githubusercontent.com/Wen-Qualtu/kt-datacards/main/output/farstalker-kinband/farstalker-datacards/kroot-kill-broker_front.jpg
farstalker-kinband,farstalker-datacards,kroot-long-sight_back,https://raw.githubusercontent.com/Wen-Qualtu/kt-datacards/main/output/farstalker-kinband/farstalker-datacards/kroot-long-sight_back.jpg
farstalker-kinband,farstalker-datacards,kroot-long-sight_front,https://raw.githubusercontent.com/Wen-Qualtu/kt-datacards/main/output/farstalker-kinband/farstalker-datacards/kroot-long-sight_front.jpg
farstalker-kinband,farstalker-datacards,kroot-pistolier_back,https://raw.githubusercontent.com/Wen-Qualtu/kt-datacards/main/output/farstalker-kinband/farstalker-datacards/kroot-pistolier_back.jpg
farstalker-kinband,farstalker-datacards,kroot-pistolier_front,https://raw.githubusercontent.com/Wen-Qualtu/kt-datacards/main/output/farstalker-kinband/farstalker-datacards/kroot-pistolier_front.jpg
farstalker-kinband,farstalker-datacards,kroot-stalker_back,https://raw.githubusercontent.com/Wen-Qualtu/kt-datacards/main/output/farstalker-kinband/farstalker-datacards/kroot-stalker_back.jpg
farstalker-kinband,farstalker-datacards,kroot-stalker_front,https://raw.githubusercontent.com/Wen-Qualtu/kt-datacards/main/output/farstalker-kinband/farstalker-datacards/kroot-stalker_front.jpg
farstalker-kinband,farstalker-datacards,kroot-tracker_back,https://raw.githubusercontent.com/Wen-Qualtu/kt-datacards/main/output/farstalker-kinband/farstalker-datacards/kroot-tracker_back.jpg
farstalker-kinband,farstalker-datacards,kroot-tracker_front,https://raw.githubusercontent.com/Wen-Qualtu/kt-datacards/main/output/farstalker-kinband/farstalker-datacards/kroot-tracker_front.jpg
farstalker-kinband,farstalker-datacards,kroot-warrior_back,https://raw.githubusercontent.com/Wen-Qualtu/kt-datacards/main/output/farstalker-kinband/farstalker-datacards/kroot-warrior_back.jpg
farstalker-kinband,farstalker-datacards,kroot-warrior_front,https://raw.githubusercontent.com/Wen-Qualtu/kt-datacards/main/output/farstalker-kinband/farstalker-datacards/kroot-warrior_front.jpg
farstalker-kinband,farstalker-equipment,bolster-their-regenerative-abilities_back,https://raw.githubusercontent.com/Wen-Qualtu/kt-datacards/main/output/farstalker-kinband/farstalker-equipment/bolster-their-regenerative-abilities_back.jpg
farstalker-kinband,farstalker-equipment,bolster-their-regenerative-abilities_front,https://raw.githubusercontent.com/Wen-Qualtu/kt-datacards/main/output/farstalker-kinband/farstalker-equipment/bolster-their-regenerative-abilities_front.jpg
farstalker-kinband,farstalker-equipment,piercing-shot_back,https://raw.githubusercontent.com/Wen-Qualtu/kt-datacards/main/output/farstalker-kinband/farstalker-equipment/piercing-shot_back.jpg
farstalker-kinband,farstalker-equipment,piercing-shot_front,https://raw.githubusercontent.com/Wen-Qualtu/kt-datacards/main/output/farstalker-kinband/farstalker-equipment/piercing-shot_front.jpg
farstalker-kinband,farstalker-equipment,toxin-shot_back,https://raw.githubusercontent.com/Wen-Qualtu/kt-datacards/main/output/farstalker-kinband/farstalker-equipment/toxin-shot_back.jpg
farstalker-kinband,farstalker-equipment,toxin-shot_front,https://raw.githubusercontent.com/Wen-Qualtu/kt-datacards/main/output/farstalker-kinband/farstalker-equipment/toxin-shot_front.jpg
farstalker-kinband,farstalker-equipment,trophy_back,https://raw.githubusercontent.com/Wen-Qualtu/kt-datacards/main/output/farstalker-kinband/farstalker-equipment/trophy_back.jpg
farstalker-kinband,farstalker-equipment,trophy_front,https://raw.githubusercontent.com/Wen-Qualtu/kt-datacards/main/output/farstalker-kinband/farstalker-equipment/trophy_front.jpg
farstalker-kinband,farstalker-faction-rules,farstalker_back,https://raw.githubusercontent.com/Wen-Qualtu/kt-datacards/main/output/farstalker-kinband/farstalker-faction-rules/farstalker_back.jpg
farstalker-kinband,farstalker-faction-rules,farstalker_front,https://raw.githubusercontent.com/Wen-Qualtu/kt-datacards/main/output/farstalker-kinband/farstalker-faction-rules/farstalker_front.jpg
farstalker-kinband,farstalker-faction-rules,markertoken-guide_back,https://raw.githubusercontent.com/Wen-Qualtu/kt-datacards/main/output/farstalker-kinband/farstalker-faction-rules/markertoken-guide_back.jpg
farstalker-kinband,farstalker-faction-rules,markertoken-guide_front,https://raw.githubusercontent.com/Wen-Qualtu/kt-datacards/main/output/farstalker-kinband/farstalker-faction-rules/markertoken-guide_front.jpg
farstalker-kinband,farstalker-firefight-ploys,poach_back,https://raw.githubusercontent.com/Wen-Qualtu/kt-datacards/main/output/farstalker-kinband/farstalker-firefight-ploys/poach_back.jpg
farstalker-kinband,farstalker-firefight-ploys,poach_front,https://raw.githubusercontent.com/Wen-Qualtu/kt-datacards/main/output/farstalker-kinband/farstalker-firefight-ploys/poach_front.jpg
farstalker-kinband,farstalker-firefight-ploys,savage-ambush_back,https://raw.githubusercontent.com/Wen-Qualtu/kt-datacards/main/output/farstalker-kinband/farstalker-firefight-ploys/savage-ambush_back.jpg
farstalker-kinband,farstalker-firefight-ploys,savage-ambush_front,https://raw.githubusercontent.com/Wen-Qualtu/kt-datacards/main/output/farstalker-kinband/farstalker-firefight-ploys/savage-ambush_front.jpg
farstalker-kinband,farstalker-firefight-ploys,slip-away_back,https://raw.githubusercontent.com/Wen-Qualtu/kt-datacards/main/output/farstalker-kinband/farstalker-firefight-ploys/slip-away_back.jpg
farstalker-kinband,farstalker-firefight-ploys,slip-away_front,https://raw.githubusercontent.com/Wen-Qualtu/kt-datacards/main/output/farstalker-kinband/farstalker-firefight-ploys/slip-away_front.jpg
farstalker-kinband,farstalker-firefight-ploys,vengeance-for-the-kinband_back,https://raw.githubusercontent.com/Wen-Qualtu/kt-datacards/main/output/farstalker-kinband/farstalker-firefight-ploys/vengeance-for-the-kinband_back.jpg
farstalker-kinband,farstalker-firefight-ploys,vengeance-for-the-kinband_front,https://raw.githubusercontent.com/Wen-Qualtu/kt-datacards/main/output/farstalker-kinband/farstalker-firefight-ploys/vengeance-for-the-kinband_front.jpg
farstalker-kinband,farstalker-operatives,operatives_back,https://raw.githubusercontent.com/Wen-Qualtu/kt-datacards/main/output/farstalker-kinband/farstalker-operatives/operatives_back.jpg
farstalker-kinband,farstalker-operatives,operatives_front,https://raw.githubusercontent.com/Wen-Qualtu/kt-datacards/main/output/farstalker-kinband/farstalker-operatives/operatives_front.jpg
farstalker-kinband,farstalker-strategy-ploys,bound_back,https://raw.githubusercontent.com/Wen-Qualtu/kt-datacards/main/output/farstalker-kinband/farstalker-strategy-ploys/bound_back.jpg
farstalker-kinband,farstalker-strategy-ploys,bound_front,https://raw.githubusercontent.com/Wen-Qualtu/kt-datacards/main/output/farstalker-kinband/farstalker-strategy-ploys/bound_front.jpg
farstalker-kinband,farstalker-strategy-ploys,cut-throats_back,https://raw.githubusercontent.com/Wen-Qualtu/kt-datacards/main/output/farstalker-kinband/farstalker-strategy-ploys/cut-throats_back.jpg
farstalker-kinband,farstalker-strategy-ploys,cut-throats_front,https://raw.githubusercontent.com/Wen-Qualtu/kt-datacards/main/output/farstalker-kinband/farstalker-strategy-ploys/cut-throats_front.jpg
farstalker-kinband,farstalker-strategy-ploys,rogue_back,https://raw.githubusercontent.com/Wen-Qualtu/kt-datacards/main/output/farstalker-kinband/farstalker-strategy-ploys/rogue_back.jpg
farstalker-kinband,farstalker-strategy-ploys,rogue_front,https://raw.githubusercontent.com/Wen-Qualtu/kt-datacards/main/output/farstalker-kinband/farstalker-strategy-ploys/rogue_front.jpg
farstalker-kinband,farstalker-strategy-ploys,their-chosen-prey_back,https://raw.githubusercontent.com/Wen-Qualtu/kt-datacards/main/output/farstalker-kinband/farstalker-strategy-ploys/their-chosen-prey_back.jpg
farstalker-kinband,farstalker-strategy-ploys,their-chosen-prey_front,https://raw.githubusercontent.com/Wen-Qualtu/kt-datacards/main/output/farstalker-kinband/farstalker-strategy-ploys/their-chosen-prey_front.jpg
hearthkyn-salvager,datacards,hearthkyn-dzr_back,https://raw.githubusercontent.com/Wen-Qualtu/kt-datacards/main/output/hearthkyn-salvager/datacards/hearthkyn-dzr_back.jpg
hearthkyn-salvager,datacards,hearthkyn-dzr_front,https://raw.githubusercontent.com/Wen-Qualtu/kt-datacards/main/output/hearthkyn-salvager/datacards/hearthkyn-dzr_front.jpg
hearthkyn-salvager,datacards,hearthkyn-field-medic_back,https://raw.githubusercontent.com/Wen-Qualtu/kt-datacards/main/output/hearthkyn-salvager/datacards/hearthkyn-field-medic_back.jpg
hearthkyn-salvager,datacards,hearthkyn-field-medic_front,https://raw.githubusercontent.com/Wen-Qualtu/kt-datacards/main/output/hearthkyn-salvager/datacards/hearthkyn-field-medic_front.jpg
hearthkyn-salvager,datacards,hearthkyn-grenadier_back,https://raw.githubusercontent.com/Wen-Qualtu/kt-datacards/main/output/hearthkyn-salvager/datacards/hearthkyn-grenadier_back.jpg
hearthkyn-salvager,datacards,hearthkyn-grenadier_front,https://raw.githubusercontent.com/Wen-Qualtu/kt-datacards/main/output/hearthkyn-salvager/datacards/hearthkyn-grenadier_front.jpg
hearthkyn-salvager,datacards,hearthkyn-gunner_back,https://raw.githubusercontent.com/Wen-Qualtu/kt-datacards/main/output/hearthkyn-salvager/datacards/hearthkyn-gunner_back.jpg
hearthkyn-salvager,datacards,hearthkyn-gunner_front,https://raw.githubusercontent.com/Wen-Qualtu/kt-datacards/main/output/hearthkyn-salvager/datacards/hearthkyn-gunner_front.jpg
hearthkyn-salvager,datacards,hearthkyn-jump-pack-warrior_back,https://raw.githubusercontent.com/Wen-Qualtu/kt-datacards/main/output/hearthkyn-salvager/datacards/hearthkyn-jump-pack-warrior_back.jpg
hearthkyn-salvager,datacards,hearthkyn-jump-pack-warrior_front,https://raw.githubusercontent.com/Wen-Qualtu/kt-datacards/main/output/hearthkyn-salvager/datacards/hearthkyn-jump-pack-warrior_front.jpg
hearthkyn-salvager,datacards,hearthkyn-kinlynk_back,https://raw.githubusercontent.com/Wen-Qualtu/kt-datacards/main/output/hearthkyn-salvager/datacards/hearthkyn-kinlynk_back.jpg
hearthkyn-salvager,datacards,hearthkyn-kinlynk_front,https://raw.githubusercontent.com/Wen-Qualtu/kt-datacards/main/output/hearthkyn-salvager/datacards/hearthkyn-kinlynk_front.jpg
hearthkyn-salvager,datacards,hearthkyn-kognitar_back,https://raw.githubusercontent.com/Wen-Qualtu/kt-datacards/main/output/hearthkyn-salvager/datacards/hearthkyn-kognitar_back.jpg
hearthkyn-salvager,datacards,hearthkyn-kognitar_front,https://raw.githubusercontent.com/Wen-Qualtu/kt-datacards/main/output/hearthkyn-salvager/datacards/hearthkyn-kognitar_front.jpg
hearthkyn-salvager,datacards,hearthkyn-loktr_back,https://raw.githubusercontent.com/Wen-Qualtu/kt-datacards/main/output/hearthkyn-salvager/datacards/hearthkyn-loktr_back.jpg
hearthkyn-salvager,datacards,hearthkyn-loktr_front,https://raw.githubusercontent.com/Wen-Qualtu/kt-datacards/main/output/hearthkyn-salvager/datacards/hearthkyn-loktr_front.jpg
hearthkyn-salvager,datacards,hearthkyn-lugger_back,https://raw.githubusercontent.com/Wen-Qualtu/kt-datacards/main/output/hearthkyn-salvager/datacards/hearthkyn-lugger_back.jpg
hearthkyn-salvager,datacards,hearthkyn-lugger_front,https://raw.githubusercontent.com/Wen-Qualtu/kt-datacards/main/output/hearthkyn-salvager/datacards/hearthkyn-lugger_front.jpg
hearthkyn-salvager,datacards,hearthkyn-theyn_back,https://raw.githubusercontent.com/Wen-Qualtu/kt-datacards/main/output/hearthkyn-salvager/datacards/hearthkyn-theyn_back.jpg
hearthkyn-salvager,datacards,hearthkyn-theyn_front,https://raw.githubusercontent.com/Wen-Qualtu/kt-datacards/main/output/hearthkyn-salvager/datacards/hearthkyn-theyn_front.jpg
hearthkyn-salvager,datacards,hearthkyn-warrior_back,https://raw.githubusercontent.com/Wen-Qualtu/kt-datacards/main/output/hearthkyn-salvager/datacards/hearthkyn-warrior_back.jpg
hearthkyn-salvager,datacards,hearthkyn-warrior_front,https://raw.githubusercontent.com/Wen-Qualtu/kt-datacards/main/output/hearthkyn-salvager/datacards/hearthkyn-warrior_front.jpg
hearthkyn-salvager,equipment,climbing-rigs_back,https://raw.githubusercontent.com/Wen-Qualtu/kt-datacards/main/output/hearthkyn-salvager/equipment/climbing-rigs_back.jpg
hearthkyn-salvager,equipment,climbing-rigs_front,https://raw.githubusercontent.com/Wen-Qualtu/kt-datacards/main/output/hearthkyn-salvager/equipment/climbing-rigs_front.jpg
hearthkyn-salvager,equipment,excavation-tools_back,https://raw.githubusercontent.com/Wen-Qualtu/kt-datacards/main/output/hearthkyn-salvager/equipment/excavation-tools_back.jpg
hearthkyn-salvager,equipment,excavation-tools_front,https://raw.githubusercontent.com/Wen-Qualtu/kt-datacards/main/output/hearthkyn-salvager/equipment/excavation-tools_front.jpg
hearthkyn-salvager,equipment,plasma-knives_back,https://raw.githubusercontent.com/Wen-Qualtu/kt-datacards/main/output/hearthkyn-salvager/equipment/plasma-knives_back.jpg
hearthkyn-salvager,equipment,plasma-knives_front,https://raw.githubusercontent.com/Wen-Qualtu/kt-datacards/main/output/hearthkyn-salvager/equipment/plasma-knives_front.jpg
hearthkyn-salvager,equipment,writ-of-claim_back,https://raw.githubusercontent.com/Wen-Qualtu/kt-datacards/main/output/hearthkyn-salvager/equipment/writ-of-claim_back.jpg
hearthkyn-salvager,equipment,writ-of-claim_front,https://raw.githubusercontent.com/Wen-Qualtu/kt-datacards/main/output/hearthkyn-salvager/equipment/writ-of-claim_front.jpg
hearthkyn-salvager,faction-rules,grudge_back,https://raw.githubusercontent.com/Wen-Qualtu/kt-datacards/main/output/hearthkyn-salvager/faction-rules/grudge_back.jpg
hearthkyn-salvager,faction-rules,grudge_front,https://raw.githubusercontent.com/Wen-Qualtu/kt-datacards/main/output/hearthkyn-salvager/faction-rules/grudge_front.jpg
hearthkyn-salvager,faction-rules,markertoken-guide_back,https://raw.githubusercontent.com/Wen-Qualtu/kt-datacards/main/output/hearthkyn-salvager/faction-rules/markertoken-guide_back.jpg
hearthkyn-salvager,faction-rules,markertoken-guide_front,https://raw.githubusercontent.com/Wen-Qualtu/kt-datacards/main/output/hearthkyn-salvager/faction-rules/markertoken-guide_front.jpg
hearthkyn-salvager,firefight-ploys,engage-to-acquire_back,https://raw.githubusercontent.com/Wen-Qualtu/kt-datacards/main/output/hearthkyn-salvager/firefight-ploys/engage-to-acquire_back.jpg
hearthkyn-salvager,firefight-ploys,engage-to-acquire_front,https://raw.githubusercontent.com/Wen-Qualtu/kt-datacards/main/output/hearthkyn-salvager/firefight-ploys/engage-to-acquire_front.jpg
hearthkyn-salvager,firefight-ploys,sturdy_back,https://raw.githubusercontent.com/Wen-Qualtu/kt-datacards/main/output/hearthkyn-salvager/firefight-ploys/sturdy_back.jpg
hearthkyn-salvager,firefight-ploys,sturdy_front,https://raw.githubusercontent.com/Wen-Qualtu/kt-datacards/main/output/hearthkyn-salvager/firefight-ploys/sturdy_front.jpg
hearthkyn-salvager,firefight-ploys,the-ancestors-are-watching_back,https://raw.githubusercontent.com/Wen-Qualtu/kt-datacards/main/output/hearthkyn-salvager/firefight-ploys/the-ancestors-are-watching_back.jpg
hearthkyn-salvager,firefight-ploys,the-ancestors-are-watching_front,https://raw.githubusercontent.com/Wen-Qualtu/kt-datacards/main/output/hearthkyn-salvager/firefight-ploys/the-ancestors-are-watching_front.jpg
hearthkyn-salvager,firefight-ploys,worth-it_back,https://raw.githubusercontent.com/Wen-Qualtu/kt-datacards/main/output/hearthkyn-salvager/firefight-ploys/worth-it_back.jpg
hearthkyn-salvager,firefight-ploys,worth-it_front,https://raw.githubusercontent.com/Wen-Qualtu/kt-datacards/main/output/hearthkyn-salvager/firefight-ploys/worth-it_front.jpg
hearthkyn-salvager,operatives,operatives_back,https://raw.githubusercontent.com/Wen-Qualtu/kt-datacards/main/output/hearthkyn-salvager/operatives/operatives_back.jpg
hearthkyn-salvager,operatives,operatives_front,https://raw.githubusercontent.com/Wen-Qualtu/kt-datacards/main/output/hearthkyn-salvager/operatives/operatives_front.jpg
hearthkyn-salvager,strategy-ploys,need-keeps_back,https://raw.githubusercontent.com/Wen-Qualtu/kt-datacards/main/output/hearthkyn-salvager/strategy-ploys/need-keeps_back.jpg
hearthkyn-salvager,strategy-ploys,need-keeps_front,https://raw.githubusercontent.com/Wen-Qualtu/kt-datacards/main/output/hearthkyn-salvager/strategy-ploys/need-keeps_front.jpg
hearthkyn-salvager,strategy-ploys,proximate-firepower_back,https://raw.githubusercontent.com/Wen-Qualtu/kt-datacards/main/output/hearthkyn-salvager/strategy-ploys/proximate-firepower_back.jpg
hearthkyn-salvager,strategy-ploys,proximate-firepower_front,https://raw.githubusercontent.com/Wen-Qualtu/kt-datacards/main/output/hearthkyn-salvager/strategy-ploys/proximate-firepower_front.jpg
hearthkyn-salvager,strategy-ploys,toil-earns_back,https://raw.githubusercontent.com/Wen-Qualtu/kt-datacards/main/output/hearthkyn-salvager/strategy-ploys/toil-earns_back.jpg
hearthkyn-salvager,strategy-ploys,toil-earns_front,https://raw.githubusercontent.com/Wen-Qualtu/kt-datacards/main/output/hearthkyn-salvager/strategy-ploys/toil-earns_front.jpg
hearthkyn-salvager,strategy-ploys,wrought-defence_back,https://raw.githubusercontent.com/Wen-Qualtu/kt-datacards/main/output/hearthkyn-salvager/strategy-ploys/wrought-defence_back.jpg
hearthkyn-salvager,strategy-ploys,wrought-defence_front,https://raw.githubusercontent.com/Wen-Qualtu/kt-datacards/main/output/hearthkyn-salvager/strategy-ploys/wrought-defence_front.jpg
hernkyn-yaegirs,hernkyn-yaegir-datacards,yaegir-bladekyn_back,https://raw.githubusercontent.com/Wen-Qualtu/kt-datacards/main/output/hernkyn-yaegirs/hernkyn-yaegir-datacards/yaegir-bladekyn_back.jpg
hernkyn-yaegirs,hernkyn-yaegir-datacards,yaegir-bladekyn_front,https://raw.githubusercontent.com/Wen-Qualtu/kt-datacards/main/output/hernkyn-yaegirs/hernkyn-yaegir-datacards/yaegir-bladekyn_front.jpg
hernkyn-yaegirs,hernkyn-yaegir-datacards,yaegir-bombast_back,https://raw.githubusercontent.com/Wen-Qualtu/kt-datacards/main/output/hernkyn-yaegirs/hernkyn-yaegir-datacards/yaegir-bombast_back.jpg
hernkyn-yaegirs,hernkyn-yaegir-datacards,yaegir-bombast_front,https://raw.githubusercontent.com/Wen-Qualtu/kt-datacards/main/output/hernkyn-yaegirs/hernkyn-yaegir-datacards/yaegir-bombast_front.jpg
hernkyn-yaegirs,hernkyn-yaegir-datacards,yaegir-gunner_back,https://raw.githubusercontent.com/Wen-Qualtu/kt-datacards/main/output/hernkyn-yaegirs/hernkyn-yaegir-datacards/yaegir-gunner_back.jpg
hernkyn-yaegirs,hernkyn-yaegir-datacards,yaegir-gunner_front,https://raw.githubusercontent.com/Wen-Qualtu/kt-datacards/main/output/hernkyn-yaegirs/hernkyn-yaegir-datacards/yaegir-gunner_front.jpg
hernkyn-yaegirs,hernkyn-yaegir-datacards,yaegir-ironbraek_back,https://raw.githubusercontent.com/Wen-Qualtu/kt-datacards/main/output/hernkyn-yaegirs/hernkyn-yaegir-datacards/yaegir-ironbraek_back.jpg
hernkyn-yaegirs,hernkyn-yaegir-datacards,yaegir-ironbraek_front,https://raw.githubusercontent.com/Wen-Qualtu/kt-datacards/main/output/hernkyn-yaegirs/hernkyn-yaegir-datacards/yaegir-ironbraek_front.jpg
hernkyn-yaegirs,hernkyn-yaegir-datacards,yaegir-riflekyn_back,https://raw.githubusercontent.com/Wen-Qualtu/kt-datacards/main/output/hernkyn-yaegirs/hernkyn-yaegir-datacards/yaegir-riflekyn_back.jpg
hernkyn-yaegirs,hernkyn-yaegir-datacards,yaegir-riflekyn_front,https://raw.githubusercontent.com/Wen-Qualtu/kt-datacards/main/output/hernkyn-yaegirs/hernkyn-yaegir-datacards/yaegir-riflekyn_front.jpg
hernkyn-yaegirs,hernkyn-yaegir-datacards,yaegir-theyn_back,https://raw.githubusercontent.com/Wen-Qualtu/kt-datacards/main/output/hernkyn-yaegirs/hernkyn-yaegir-datacards/yaegir-theyn_back.jpg
hernkyn-yaegirs,hernkyn-yaegir-datacards,yaegir-theyn_front,https://raw.githubusercontent.com/Wen-Qualtu/kt-datacards/main/output/hernkyn-yaegirs/hernkyn-yaegir-datacards/yaegir-theyn_front.jpg
hernkyn-yaegirs,hernkyn-yaegir-datacards,yaegir-tracker_back,https://raw.githubusercontent.com/Wen-Qualtu/kt-datacards/main/output/hernkyn-yaegirs/hernkyn-yaegir-datacards/yaegir-tracker_back.jpg
hernkyn-yaegirs,hernkyn-yaegir-datacards,yaegir-tracker_front,https://raw.githubusercontent.com/Wen-Qualtu/kt-datacards/main/output/hernkyn-yaegirs/hernkyn-yaegir-datacards/yaegir-tracker_front.jpg
hernkyn-yaegirs,hernkyn-yaegir-datacards,yaegir-warrior_back,https://raw.githubusercontent.com/Wen-Qualtu/kt-datacards/main/output/hernkyn-yaegirs/hernkyn-yaegir-datacards/yaegir-warrior_back.jpg
hernkyn-yaegirs,hernkyn-yaegir-datacards,yaegir-warrior_front,https://raw.githubusercontent.com/Wen-Qualtu/kt-datacards/main/output/hernkyn-yaegirs/hernkyn-yaegir-datacards/yaegir-warrior_front.jpg
hernkyn-yaegirs,hernkyn-yaegir-equipment,hernkyn-yaegir_back,https://raw.githubusercontent.com/Wen-Qualtu/kt-datacards/main/output/hernkyn-yaegirs/hernkyn-yaegir-equipment/hernkyn-yaegir_back.jpg
hernkyn-yaegirs,hernkyn-yaegir-equipment,hernkyn-yaegir_front,https://raw.githubusercontent.com/Wen-Qualtu/kt-datacards/main/output/hernkyn-yaegirs/hernkyn-yaegir-equipment/hernkyn-yaegir_front.jpg
hernkyn-yaegirs,hernkyn-yaegir-faction-rules,dauntless-explorers_back,https://raw.githubusercontent.com/Wen-Qualtu/kt-datacards/main/output/hernkyn-yaegirs/hernkyn-yaegir-faction-rules/dauntless-explorers_back.jpg
hernkyn-yaegirs,hernkyn-yaegir-faction-rules,dauntless-explorers_front,https://raw.githubusercontent.com/Wen-Qualtu/kt-datacards/main/output/hernkyn-yaegirs/hernkyn-yaegir-faction-rules/dauntless-explorers_front.jpg
hernkyn-yaegirs,hernkyn-yaegir-faction-rules,markertoken-guide_back,https://raw.githubusercontent.com/Wen-Qualtu/kt-datacards/main/output/hernkyn-yaegirs/hernkyn-yaegir-faction-rules/markertoken-guide_back.jpg
hernkyn-yaegirs,hernkyn-yaegir-faction-rules,markertoken-guide_front,https://raw.githubusercontent.com/Wen-Qualtu/kt-datacards/main/output/hernkyn-yaegirs/hernkyn-yaegir-faction-rules/markertoken-guide_front.jpg
hernkyn-yaegirs,hernkyn-yaegir-faction-rules,resourceful_back,https://raw.githubusercontent.com/Wen-Qualtu/kt-datacards/main/output/hernkyn-yaegirs/hernkyn-yaegir-faction-rules/resourceful_back.jpg
hernkyn-yaegirs,hernkyn-yaegir-faction-rules,resourceful_front,https://raw.githubusercontent.com/Wen-Qualtu/kt-datacards/main/output/hernkyn-yaegirs/hernkyn-yaegir-faction-rules/resourceful_front.jpg
hernkyn-yaegirs,hernkyn-yaegir-firefight-ploys,hernkyn-yaegir_back,https://raw.githubusercontent.com/Wen-Qualtu/kt-datacards/main/output/hernkyn-yaegirs/hernkyn-yaegir-firefight-ploys/hernkyn-yaegir_back.jpg
hernkyn-yaegirs,hernkyn-yaegir-firefight-ploys,hernkyn-yaegir_front,https://raw.githubusercontent.com/Wen-Qualtu/kt-datacards/main/output/hernkyn-yaegirs/hernkyn-yaegir-firefight-ploys/hernkyn-yaegir_front.jpg
hernkyn-yaegirs,hernkyn-yaegir-operatives,operatives_back,https://raw.githubusercontent.com/Wen-Qualtu/kt-datacards/main/output/hernkyn-yaegirs/hernkyn-yaegir-operatives/operatives_back.jpg
hernkyn-yaegirs,hernkyn-yaegir-operatives,operatives_front,https://raw.githubusercontent.com/Wen-Qualtu/kt-datacards/main/output/hernkyn-yaegirs/hernkyn-yaegir-operatives/operatives_front.jpg
hernkyn-yaegirs,hernkyn-yaegir-strategy-ploys,hernkyn-yaegir_back,https://raw.githubusercontent.com/Wen-Qualtu/kt-datacards/main/output/hernkyn-yaegirs/hernkyn-yaegir-strategy-ploys/hernkyn-yaegir_back.jpg
hernkyn-yaegirs,hernkyn-yaegir-strategy-ploys,hernkyn-yaegir_front,https://raw.githubusercontent.com/Wen-Qualtu/kt-datacards/main/output/hernkyn-yaegirs/hernkyn-yaegir-strategy-ploys/hernkyn-yaegir_front.jpg
kasrkin,datacards,kasrkin-combat-medic_back,https://raw.githubusercontent.com/Wen-Qualtu/kt-datacards/main/output/kasrkin/datacards/kasrkin-combat-medic_back.jpg
kasrkin,datacards,kasrkin-combat-medic_front,https://raw.githubusercontent.com/Wen-Qualtu/kt-datacards/main/output/kasrkin/datacards/kasrkin-combat-medic_front.jpg
kasrkin,datacards,kasrkin-demo-trooper_back,https://raw.githubusercontent.com/Wen-Qualtu/kt-datacards/main/output/kasrkin/datacards/kasrkin-demo-trooper_back.jpg
kasrkin,datacards,kasrkin-demo-trooper_front,https://raw.githubusercontent.com/Wen-Qualtu/kt-datacards/main/output/kasrkin/datacards/kasrkin-demo-trooper_front.jpg
kasrkin,datacards,kasrkin-gunner_back,https://raw.githubusercontent.com/Wen-Qualtu/kt-datacards/main/output/kasrkin/datacards/kasrkin-gunner_back.jpg
kasrkin,datacards,kasrkin-gunner_front,https://raw.githubusercontent.com/Wen-Qualtu/kt-datacards/main/output/kasrkin/datacards/kasrkin-gunner_front.jpg
kasrkin,datacards,kasrkin-recon-trooper_back,https://raw.githubusercontent.com/Wen-Qualtu/kt-datacards/main/output/kasrkin/datacards/kasrkin-recon-trooper_back.jpg
kasrkin,datacards,kasrkin-recon-trooper_front,https://raw.githubusercontent.com/Wen-Qualtu/kt-datacards/main/output/kasrkin/datacards/kasrkin-recon-trooper_front.jpg
kasrkin,datacards,kasrkin-sergeant_back,https://raw.githubusercontent.com/Wen-Qualtu/kt-datacards/main/output/kasrkin/datacards/kasrkin-sergeant_back.jpg
kasrkin,datacards,kasrkin-sergeant_front,https://raw.githubusercontent.com/Wen-Qualtu/kt-datacards/main/output/kasrkin/datacards/kasrkin-sergeant_front.jpg
kasrkin,datacards,kasrkin-sharpshooter_back,https://raw.githubusercontent.com/Wen-Qualtu/kt-datacards/main/output/kasrkin/datacards/kasrkin-sharpshooter_back.jpg
kasrkin,datacards,kasrkin-sharpshooter_front,https://raw.githubusercontent.com/Wen-Qualtu/kt-datacards/main/output/kasrkin/datacards/kasrkin-sharpshooter_front.jpg
kasrkin,datacards,kasrkin-trooper_back,https://raw.githubusercontent.com/Wen-Qualtu/kt-datacards/main/output/kasrkin/datacards/kasrkin-trooper_back.jpg
kasrkin,datacards,kasrkin-trooper_front,https://raw.githubusercontent.com/Wen-Qualtu/kt-datacards/main/output/kasrkin/datacards/kasrkin-trooper_front.jpg
kasrkin,datacards,kasrkin-vox-trooper_back,https://raw.githubusercontent.com/Wen-Qualtu/kt-datacards/main/output/kasrkin/datacards/kasrkin-vox-trooper_back.jpg
kasrkin,datacards,kasrkin-vox-trooper_front,https://raw.githubusercontent.com/Wen-Qualtu/kt-datacards/main/output/kasrkin/datacards/kasrkin-vox-trooper_front.jpg
kasrkin,equipment,combat-daggers_back,https://raw.githubusercontent.com/Wen-Qualtu/kt-datacards/main/output/kasrkin/equipment/combat-daggers_back.jpg
kasrkin,equipment,combat-daggers_front,https://raw.githubusercontent.com/Wen-Qualtu/kt-datacards/main/output/kasrkin/equipment/combat-daggers_front.jpg
kasrkin,equipment,foregrip_back,https://raw.githubusercontent.com/Wen-Qualtu/kt-datacards/main/output/kasrkin/equipment/foregrip_back.jpg
kasrkin,equipment,foregrip_front,https://raw.githubusercontent.com/Wen-Qualtu/kt-datacards/main/output/kasrkin/equipment/foregrip_front.jpg
kasrkin,equipment,long-range-scope_back,https://raw.githubusercontent.com/Wen-Qualtu/kt-datacards/main/output/kasrkin/equipment/long-range-scope_back.jpg
kasrkin,equipment,long-range-scope_front,https://raw.githubusercontent.com/Wen-Qualtu/kt-datacards/main/output/kasrkin/equipment/long-range-scope_front.jpg
kasrkin,equipment,relics-of-cadia_back,https://raw.githubusercontent.com/Wen-Qualtu/kt-datacards/main/output/kasrkin/equipment/relics-of-cadia_back.jpg
kasrkin,equipment,relics-of-cadia_front,https://raw.githubusercontent.com/Wen-Qualtu/kt-datacards/main/output/kasrkin/equipment/relics-of-cadia_front.jpg
kasrkin,faction-rules,markertoken-guide_back,https://raw.githubusercontent.com/Wen-Qualtu/kt-datacards/main/output/kasrkin/faction-rules/markertoken-guide_back.jpg
kasrkin,faction-rules,markertoken-guide_front,https://raw.githubusercontent.com/Wen-Qualtu/kt-datacards/main/output/kasrkin/faction-rules/markertoken-guide_front.jpg
kasrkin,faction-rules,skill-at-arms_back,https://raw.githubusercontent.com/Wen-Qualtu/kt-datacards/main/output/kasrkin/faction-rules/skill-at-arms_back.jpg
kasrkin,faction-rules,skill-at-arms_front,https://raw.githubusercontent.com/Wen-Qualtu/kt-datacards/main/output/kasrkin/faction-rules/skill-at-arms_front.jpg
kasrkin,firefight-ploys,cover-retreat_back,https://raw.githubusercontent.com/Wen-Qualtu/kt-datacards/main/output/kasrkin/firefight-ploys/cover-retreat_back.jpg
kasrkin,firefight-ploys,cover-retreat_front,https://raw.githubusercontent.com/Wen-Qualtu/kt-datacards/main/output/kasrkin/firefight-ploys/cover-retreat_front.jpg
kasrkin,firefight-ploys,give-no-ground_back,https://raw.githubusercontent.com/Wen-Qualtu/kt-datacards/main/output/kasrkin/firefight-ploys/give-no-ground_back.jpg
kasrkin,firefight-ploys,give-no-ground_front,https://raw.githubusercontent.com/Wen-Qualtu/kt-datacards/main/output/kasrkin/firefight-ploys/give-no-ground_front.jpg
kasrkin,firefight-ploys,neutralise-target_back,https://raw.githubusercontent.com/Wen-Qualtu/kt-datacards/main/output/kasrkin/firefight-ploys/neutralise-target_back.jpg
kasrkin,firefight-ploys,neutralise-target_front,https://raw.githubusercontent.com/Wen-Qualtu/kt-datacards/main/output/kasrkin/firefight-ploys/neutralise-target_front.jpg
kasrkin,firefight-ploys,seize-the-initiative_back,https://raw.githubusercontent.com/Wen-Qualtu/kt-datacards/main/output/kasrkin/firefight-ploys/seize-the-initiative_back.jpg
kasrkin,firefight-ploys,seize-the-initiative_front,https://raw.githubusercontent.com/Wen-Qualtu/kt-datacards/main/output/kasrkin/firefight-ploys/seize-the-initiative_front.jpg
kasrkin,operatives,operatives_back,https://raw.githubusercontent.com/Wen-Qualtu/kt-datacards/main/output/kasrkin/operatives/operatives_back.jpg
kasrkin,operatives,operatives_front,https://raw.githubusercontent.com/Wen-Qualtu/kt-datacards/main/output/kasrkin/operatives/operatives_front.jpg
kasrkin,strategy-ploys,clearance-sweep_back,https://raw.githubusercontent.com/Wen-Qualtu/kt-datacards/main/output/kasrkin/strategy-ploys/clearance-sweep_back.jpg
kasrkin,strategy-ploys,clearance-sweep_front,https://raw.githubusercontent.com/Wen-Qualtu/kt-datacards/main/output/kasrkin/strategy-ploys/clearance-sweep_front.jpg
kasrkin,strategy-ploys,elimination-pattern_back,https://raw.githubusercontent.com/Wen-Qualtu/kt-datacards/main/output/kasrkin/strategy-ploys/elimination-pattern_back.jpg
kasrkin,strategy-ploys,elimination-pattern_front,https://raw.githubusercontent.com/Wen-Qualtu/kt-datacards/main/output/kasrkin/strategy-ploys/elimination-pattern_front.jpg
kasrkin,strategy-ploys,engage-from-cover_back,https://raw.githubusercontent.com/Wen-Qualtu/kt-datacards/main/output/kasrkin/strategy-ploys/engage-from-cover_back.jpg
kasrkin,strategy-ploys,engage-from-cover_front,https://raw.githubusercontent.com/Wen-Qualtu/kt-datacards/main/output/kasrkin/strategy-ploys/engage-from-cover_front.jpg
kasrkin,strategy-ploys,relocate_back,https://raw.githubusercontent.com/Wen-Qualtu/kt-datacards/main/output/kasrkin/strategy-ploys/relocate_back.jpg
kasrkin,strategy-ploys,relocate_front,https://raw.githubusercontent.com/Wen-Qualtu/kt-datacards/main/output/kasrkin/strategy-ploys/relocate_front.jpg
ravener,datacards,ravener-felltalon_back,https://raw.githubusercontent.com/Wen-Qualtu/kt-datacards/main/output/ravener/datacards/ravener-felltalon_back.jpg
ravener,datacards,ravener-felltalon_front,https://raw.githubusercontent.com/Wen-Qualtu/kt-datacards/main/output/ravener/datacards/ravener-felltalon_front.jpg
ravener,datacards,ravener-prime_back,https://raw.githubusercontent.com/Wen-Qualtu/kt-datacards/main/output/ravener/datacards/ravener-prime_back.jpg
ravener,datacards,ravener-prime_front,https://raw.githubusercontent.com/Wen-Qualtu/kt-datacards/main/output/ravener/datacards/ravener-prime_front.jpg
ravener,datacards,ravener-tremorscythe_back,https://raw.githubusercontent.com/Wen-Qualtu/kt-datacards/main/output/ravener/datacards/ravener-tremorscythe_back.jpg
ravener,datacards,ravener-tremorscythe_front,https://raw.githubusercontent.com/Wen-Qualtu/kt-datacards/main/output/ravener/datacards/ravener-tremorscythe_front.jpg
ravener,datacards,ravener-venomspitter_back,https://raw.githubusercontent.com/Wen-Qualtu/kt-datacards/main/output/ravener/datacards/ravener-venomspitter_back.jpg
ravener,datacards,ravener-venomspitter_front,https://raw.githubusercontent.com/Wen-Qualtu/kt-datacards/main/output/ravener/datacards/ravener-venomspitter_front.jpg
ravener,datacards,ravener-warrior_back,https://raw.githubusercontent.com/Wen-Qualtu/kt-datacards/main/output/ravener/datacards/ravener-warrior_back.jpg
ravener,datacards,ravener-warrior_front,https://raw.githubusercontent.com/Wen-Qualtu/kt-datacards/main/output/ravener/datacards/ravener-warrior_front.jpg
ravener,datacards,ravener-wrecker_back,https://raw.githubusercontent.com/Wen-Qualtu/kt-datacards/main/output/ravener/datacards/ravener-wrecker_back.jpg
ravener,datacards,ravener-wrecker_front,https://raw.githubusercontent.com/Wen-Qualtu/kt-datacards/main/output/ravener/datacards/ravener-wrecker_front.jpg
ravener,equipment,acid-blood_back,https://raw.githubusercontent.com/Wen-Qualtu/kt-datacards/main/output/ravener/equipment/acid-blood_back.jpg
ravener,equipment,acid-blood_front,https://raw.githubusercontent.com/Wen-Qualtu/kt-datacards/main/output/ravener/equipment/acid-blood_front.jpg
ravener,equipment,chromatospore-camouflage_back,https://raw.githubusercontent.com/Wen-Qualtu/kt-datacards/main/output/ravener/equipment/chromatospore-camouflage_back.jpg
ravener,equipment,chromatospore-camouflage_front,https://raw.githubusercontent.com/Wen-Qualtu/kt-datacards/main/output/ravener/equipment/chromatospore-camouflage_front.jpg
ravener,equipment,heightened-senses_back,https://raw.githubusercontent.com/Wen-Qualtu/kt-datacards/main/output/ravener/equipment/heightened-senses_back.jpg
ravener,equipment,heightened-senses_front,https://raw.githubusercontent.com/Wen-Qualtu/kt-datacards/main/output/ravener/equipment/heightened-senses_front.jpg
ravener,equipment,metamorphic-flesh_back,https://raw.githubusercontent.com/Wen-Qualtu/kt-datacards/main/output/ravener/equipment/metamorphic-flesh_back.jpg
ravener,equipment,metamorphic-flesh_front,https://raw.githubusercontent.com/Wen-Qualtu/kt-datacards/main/output/ravener/equipment/metamorphic-flesh_front.jpg
ravener,faction-rules,burrow_back,https://raw.githubusercontent.com/Wen-Qualtu/kt-datacards/main/output/ravener/faction-rules/burrow_back.jpg
ravener,faction-rules,burrow_front,https://raw.githubusercontent.com/Wen-Qualtu/kt-datacards/main/output/ravener/faction-rules/burrow_front.jpg
ravener,faction-rules,markertoken-guide_back,https://raw.githubusercontent.com/Wen-Qualtu/kt-datacards/main/output/ravener/faction-rules/markertoken-guide_back.jpg
ravener,faction-rules,markertoken-guide_front,https://raw.githubusercontent.com/Wen-Qualtu/kt-datacards/main/output/ravener/faction-rules/markertoken-guide_front.jpg
ravener,faction-rules,predatory-instincts_back,https://raw.githubusercontent.com/Wen-Qualtu/kt-datacards/main/output/ravener/faction-rules/predatory-instincts_back.jpg
ravener,faction-rules,predatory-instincts_front,https://raw.githubusercontent.com/Wen-Qualtu/kt-datacards/main/output/ravener/faction-rules/predatory-instincts_front.jpg
ravener,faction-rules,tunnel_back,https://raw.githubusercontent.com/Wen-Qualtu/kt-datacards/main/output/ravener/faction-rules/tunnel_back.jpg
ravener,faction-rules,tunnel_front,https://raw.githubusercontent.com/Wen-Qualtu/kt-datacards/main/output/ravener/faction-rules/tunnel_front.jpg
ravener,firefight-ploys,burrowing-strike_back,https://raw.githubusercontent.com/Wen-Qualtu/kt-datacards/main/output/ravener/firefight-ploys/burrowing-strike_back.jpg
ravener,firefight-ploys,burrowing-strike_front,https://raw.githubusercontent.com/Wen-Qualtu/kt-datacards/main/output/ravener/firefight-ploys/burrowing-strike_front.jpg
ravener,firefight-ploys,death-frenzy_back,https://raw.githubusercontent.com/Wen-Qualtu/kt-datacards/main/output/ravener/firefight-ploys/death-frenzy_back.jpg
ravener,firefight-ploys,death-frenzy_front,https://raw.githubusercontent.com/Wen-Qualtu/kt-datacards/main/output/ravener/firefight-ploys/death-frenzy_front.jpg
ravener,firefight-ploys,slithering-evasion_back,https://raw.githubusercontent.com/Wen-Qualtu/kt-datacards/main/output/ravener/firefight-ploys/slithering-evasion_back.jpg
ravener,firefight-ploys,slithering-evasion_front,https://raw.githubusercontent.com/Wen-Qualtu/kt-datacards/main/output/ravener/firefight-ploys/slithering-evasion_front.jpg
ravener,firefight-ploys,subterranean-horror_back,https://raw.githubusercontent.com/Wen-Qualtu/kt-datacards/main/output/ravener/firefight-ploys/subterranean-horror_back.jpg
ravener,firefight-ploys,subterranean-horror_front,https://raw.githubusercontent.com/Wen-Qualtu/kt-datacards/main/output/ravener/firefight-ploys/subterranean-horror_front.jpg
ravener,operatives,operatives_back,https://raw.githubusercontent.com/Wen-Qualtu/kt-datacards/main/output/ravener/operatives/operatives_back.jpg
ravener,operatives,operatives_front,https://raw.githubusercontent.com/Wen-Qualtu/kt-datacards/main/output/ravener/operatives/operatives_front.jpg
ravener,strategy-ploys,death-from-below_back,https://raw.githubusercontent.com/Wen-Qualtu/kt-datacards/main/output/ravener/strategy-ploys/death-from-below_back.jpg
ravener,strategy-ploys,death-from-below_front,https://raw.githubusercontent.com/Wen-Qualtu/kt-datacards/main/output/ravener/strategy-ploys/death-from-below_front.jpg
ravener,strategy-ploys,tunnel-lurkers_back,https://raw.githubusercontent.com/Wen-Qualtu/kt-datacards/main/output/ravener/strategy-ploys/tunnel-lurkers_back.jpg
ravener,strategy-ploys,tunnel-lurkers_front,https://raw.githubusercontent.com/Wen-Qualtu/kt-datacards/main/output/ravener/strategy-ploys/tunnel-lurkers_front.jpg
ravener,strategy-ploys,whipcord-emergence_back,https://raw.githubusercontent.com/Wen-Qualtu/kt-datacards/main/output/ravener/strategy-ploys/whipcord-emergence_back.jpg
ravener,strategy-ploys,whipcord-emergence_front,https://raw.githubusercontent.com/Wen-Qualtu/kt-datacards/main/output/ravener/strategy-ploys/whipcord-emergence_front.jpg
ravener,strategy-ploys,writhe-out-of-sight_back,https://raw.githubusercontent.com/Wen-Qualtu/kt-datacards/main/output/ravener/strategy-ploys/writhe-out-of-sight_back.jpg
ravener,strategy-ploys,writhe-out-of-sight_front,https://raw.githubusercontent.com/Wen-Qualtu/kt-datacards/main/output/ravener/strategy-ploys/writhe-out-of-sight_front.jpg
raveners,ravener-datacards,ravener-felltalon_back,https://raw.githubusercontent.com/Wen-Qualtu/kt-datacards/main/output/raveners/ravener-datacards/ravener-felltalon_back.jpg
raveners,ravener-datacards,ravener-felltalon_front,https://raw.githubusercontent.com/Wen-Qualtu/kt-datacards/main/output/raveners/ravener-datacards/ravener-felltalon_front.jpg
raveners,ravener-datacards,ravener-prime_back,https://raw.githubusercontent.com/Wen-Qualtu/kt-datacards/main/output/raveners/ravener-datacards/ravener-prime_back.jpg
raveners,ravener-datacards,ravener-prime_front,https://raw.githubusercontent.com/Wen-Qualtu/kt-datacards/main/output/raveners/ravener-datacards/ravener-prime_front.jpg
raveners,ravener-datacards,ravener-tremorscythe_back,https://raw.githubusercontent.com/Wen-Qualtu/kt-datacards/main/output/raveners/ravener-datacards/ravener-tremorscythe_back.jpg
raveners,ravener-datacards,ravener-tremorscythe_front,https://raw.githubusercontent.com/Wen-Qualtu/kt-datacards/main/output/raveners/ravener-datacards/ravener-tremorscythe_front.jpg
raveners,ravener-datacards,ravener-venomspitter_back,https://raw.githubusercontent.com/Wen-Qualtu/kt-datacards/main/output/raveners/ravener-datacards/ravener-venomspitter_back.jpg
raveners,ravener-datacards,ravener-venomspitter_front,https://raw.githubusercontent.com/Wen-Qualtu/kt-datacards/main/output/raveners/ravener-datacards/ravener-venomspitter_front.jpg
raveners,ravener-datacards,ravener-warrior_back,https://raw.githubusercontent.com/Wen-Qualtu/kt-datacards/main/output/raveners/ravener-datacards/ravener-warrior_back.jpg
raveners,ravener-datacards,ravener-warrior_front,https://raw.githubusercontent.com/Wen-Qualtu/kt-datacards/main/output/raveners/ravener-datacards/ravener-warrior_front.jpg
raveners,ravener-datacards,ravener-wrecker_back,https://raw.githubusercontent.com/Wen-Qualtu/kt-datacards/main/output/raveners/ravener-datacards/ravener-wrecker_back.jpg
raveners,ravener-datacards,ravener-wrecker_front,https://raw.githubusercontent.com/Wen-Qualtu/kt-datacards/main/output/raveners/ravener-datacards/ravener-wrecker_front.jpg
raveners,ravener-equipment,ravener_back,https://raw.githubusercontent.com/Wen-Qualtu/kt-datacards/main/output/raveners/ravener-equipment/ravener_back.jpg
raveners,ravener-equipment,ravener_front,https://raw.githubusercontent.com/Wen-Qualtu/kt-datacards/main/output/raveners/ravener-equipment/ravener_front.jpg
raveners,ravener-faction-rules,burrow_back,https://raw.githubusercontent.com/Wen-Qualtu/kt-datacards/main/output/raveners/ravener-faction-rules/burrow_back.jpg
raveners,ravener-faction-rules,burrow_front,https://raw.githubusercontent.com/Wen-Qualtu/kt-datacards/main/output/raveners/ravener-faction-rules/burrow_front.jpg
raveners,ravener-faction-rules,markertoken-guide_back,https://raw.githubusercontent.com/Wen-Qualtu/kt-datacards/main/output/raveners/ravener-faction-rules/markertoken-guide_back.jpg
raveners,ravener-faction-rules,markertoken-guide_front,https://raw.githubusercontent.com/Wen-Qualtu/kt-datacards/main/output/raveners/ravener-faction-rules/markertoken-guide_front.jpg
raveners,ravener-faction-rules,predatory-instincts_back,https://raw.githubusercontent.com/Wen-Qualtu/kt-datacards/main/output/raveners/ravener-faction-rules/predatory-instincts_back.jpg
raveners,ravener-faction-rules,predatory-instincts_front,https://raw.githubusercontent.com/Wen-Qualtu/kt-datacards/main/output/raveners/ravener-faction-rules/predatory-instincts_front.jpg
raveners,ravener-faction-rules,tunnel_back,https://raw.githubusercontent.com/Wen-Qualtu/kt-datacards/main/output/raveners/ravener-faction-rules/tunnel_back.jpg
raveners,ravener-faction-rules,tunnel_front,https://raw.githubusercontent.com/Wen-Qualtu/kt-datacards/main/output/raveners/ravener-faction-rules/tunnel_front.jpg
raveners,ravener-firefight-ploys,ravener_back,https://raw.githubusercontent.com/Wen-Qualtu/kt-datacards/main/output/raveners/ravener-firefight-ploys/ravener_back.jpg
raveners,ravener-firefight-ploys,ravener_front,https://raw.githubusercontent.com/Wen-Qualtu/kt-datacards/main/output/raveners/ravener-firefight-ploys/ravener_front.jpg
raveners,ravener-operatives,operatives_back,https://raw.githubusercontent.com/Wen-Qualtu/kt-datacards/main/output/raveners/ravener-operatives/operatives_back.jpg
raveners,ravener-operatives,operatives_front,https://raw.githubusercontent.com/Wen-Qualtu/kt-datacards/main/output/raveners/ravener-operatives/operatives_front.jpg
raveners,ravener-strategy-ploys,ravener_back,https://raw.githubusercontent.com/Wen-Qualtu/kt-datacards/main/output/raveners/ravener-strategy-ploys/ravener_back.jpg
raveners,ravener-strategy-ploys,ravener_front,https://raw.githubusercontent.com/Wen-Qualtu/kt-datacards/main/output/raveners/ravener-strategy-ploys/ravener_front.jpg
wolf-scouts,wolf-scout-datacards,wolf-scout-fangbearer_back,https://raw.githubusercontent.com/Wen-Qualtu/kt-datacards/main/output/wolf-scouts/wolf-scout-datacards/wolf-scout-fangbearer_back.jpg
wolf-scouts,wolf-scout-datacards,wolf-scout-fangbearer_front,https://raw.githubusercontent.com/Wen-Qualtu/kt-datacards/main/output/wolf-scouts/wolf-scout-datacards/wolf-scout-fangbearer_front.jpg
wolf-scouts,wolf-scout-datacards,wolf-scout-fenrisian-wolf_back,https://raw.githubusercontent.com/Wen-Qualtu/kt-datacards/main/output/wolf-scouts/wolf-scout-datacards/wolf-scout-fenrisian-wolf_back.jpg
wolf-scouts,wolf-scout-datacards,wolf-scout-fenrisian-wolf_front,https://raw.githubusercontent.com/Wen-Qualtu/kt-datacards/main/output/wolf-scouts/wolf-scout-datacards/wolf-scout-fenrisian-wolf_front.jpg
wolf-scouts,wolf-scout-datacards,wolf-scout-frosteye_back,https://raw.githubusercontent.com/Wen-Qualtu/kt-datacards/main/output/wolf-scouts/wolf-scout-datacards/wolf-scout-frosteye_back.jpg
wolf-scouts,wolf-scout-datacards,wolf-scout-frosteye_front,https://raw.githubusercontent.com/Wen-Qualtu/kt-datacards/main/output/wolf-scouts/wolf-scout-datacards/wolf-scout-frosteye_front.jpg
wolf-scouts,wolf-scout-datacards,wolf-scout-gunner_back,https://raw.githubusercontent.com/Wen-Qualtu/kt-datacards/main/output/wolf-scouts/wolf-scout-datacards/wolf-scout-gunner_back.jpg
wolf-scouts,wolf-scout-datacards,wolf-scout-gunner_front,https://raw.githubusercontent.com/Wen-Qualtu/kt-datacards/main/output/wolf-scouts/wolf-scout-datacards/wolf-scout-gunner_front.jpg
wolf-scouts,wolf-scout-datacards,wolf-scout-hunter_back,https://raw.githubusercontent.com/Wen-Qualtu/kt-datacards/main/output/wolf-scouts/wolf-scout-datacards/wolf-scout-hunter_back.jpg
wolf-scouts,wolf-scout-datacards,wolf-scout-hunter_front,https://raw.githubusercontent.com/Wen-Qualtu/kt-datacards/main/output/wolf-scouts/wolf-scout-datacards/wolf-scout-hunter_front.jpg
wolf-scouts,wolf-scout-datacards,wolf-scout-pack-leader_back,https://raw.githubusercontent.com/Wen-Qualtu/kt-datacards/main/output/wolf-scouts/wolf-scout-datacards/wolf-scout-pack-leader_back.jpg
wolf-scouts,wolf-scout-datacards,wolf-scout-pack-leader_front,https://raw.githubusercontent.com/Wen-Qualtu/kt-datacards/main/output/wolf-scouts/wolf-scout-datacards/wolf-scout-pack-leader_front.jpg
wolf-scouts,wolf-scout-datacards,wolf-scout-rune-priest-skjald_back,https://raw.githubusercontent.com/Wen-Qualtu/kt-datacards/main/output/wolf-scouts/wolf-scout-datacards/wolf-scout-rune-priest-skjald_back.jpg
wolf-scouts,wolf-scout-datacards,wolf-scout-rune-priest-skjald_front,https://raw.githubusercontent.com/Wen-Qualtu/kt-datacards/main/output/wolf-scouts/wolf-scout-datacards/wolf-scout-rune-priest-skjald_front.jpg
wolf-scouts,wolf-scout-datacards,wolf-scout-trapmaster_back,https://raw.githubusercontent.com/Wen-Qualtu/kt-datacards/main/output/wolf-scouts/wolf-scout-datacards/wolf-scout-trapmaster_back.jpg
wolf-scouts,wolf-scout-datacards,wolf-scout-trapmaster_front,https://raw.githubusercontent.com/Wen-Qualtu/kt-datacards/main/output/wolf-scouts/wolf-scout-datacards/wolf-scout-trapmaster_front.jpg
wolf-scouts,wolf-scout-equipment,wolf-scout_back,https://raw.githubusercontent.com/Wen-Qualtu/kt-datacards/main/output/wolf-scouts/wolf-scout-equipment/wolf-scout_back.jpg
wolf-scouts,wolf-scout-equipment,wolf-scout_front,https://raw.githubusercontent.com/Wen-Qualtu/kt-datacards/main/output/wolf-scouts/wolf-scout-equipment/wolf-scout_front.jpg
wolf-scouts,wolf-scout-faction-rules,elemental-storm_back,https://raw.githubusercontent.com/Wen-Qualtu/kt-datacards/main/output/wolf-scouts/wolf-scout-faction-rules/elemental-storm_back.jpg
wolf-scouts,wolf-scout-faction-rules,elemental-storm_front,https://raw.githubusercontent.com/Wen-Qualtu/kt-datacards/main/output/wolf-scouts/wolf-scout-faction-rules/elemental-storm_front.jpg
wolf-scouts,wolf-scout-faction-rules,hunting-astartes_back,https://raw.githubusercontent.com/Wen-Qualtu/kt-datacards/main/output/wolf-scouts/wolf-scout-faction-rules/hunting-astartes_back.jpg
wolf-scouts,wolf-scout-faction-rules,hunting-astartes_front,https://raw.githubusercontent.com/Wen-Qualtu/kt-datacards/main/output/wolf-scouts/wolf-scout-faction-rules/hunting-astartes_front.jpg
wolf-scouts,wolf-scout-faction-rules,markertoken-guide_back,https://raw.githubusercontent.com/Wen-Qualtu/kt-datacards/main/output/wolf-scouts/wolf-scout-faction-rules/markertoken-guide_back.jpg
wolf-scouts,wolf-scout-faction-rules,markertoken-guide_front,https://raw.githubusercontent.com/Wen-Qualtu/kt-datacards/main/output/wolf-scouts/wolf-scout-faction-rules/markertoken-guide_front.jpg
wolf-scouts,wolf-scout-firefight-ploys,wolf-scout_back,https://raw.githubusercontent.com/Wen-Qualtu/kt-datacards/main/output/wolf-scouts/wolf-scout-firefight-ploys/wolf-scout_back.jpg
wolf-scouts,wolf-scout-firefight-ploys,wolf-scout_front,https://raw.githubusercontent.com/Wen-Qualtu/kt-datacards/main/output/wolf-scouts/wolf-scout-firefight-ploys/wolf-scout_front.jpg
wolf-scouts,wolf-scout-operatives,operatives_back,https://raw.githubusercontent.com/Wen-Qualtu/kt-datacards/main/output/wolf-scouts/wolf-scout-operatives/operatives_back.jpg
wolf-scouts,wolf-scout-operatives,operatives_front,https://raw.githubusercontent.com/Wen-Qualtu/kt-datacards/main/output/wolf-scouts/wolf-scout-operatives/operatives_front.jpg
wolf-scouts,wolf-scout-strategy-ploys,wolf-scout_back,https://raw.githubusercontent.com/Wen-Qualtu/kt-datacards/main/output/wolf-scouts/wolf-scout-strategy-ploys/wolf-scout_back.jpg
wolf-scouts,wolf-scout-strategy-ploys,wolf-scout_front,https://raw.githubusercontent.com/Wen-Qualtu/kt-datacards/main/output/wolf-scouts/wolf-scout-strategy-ploys/wolf-scout_front.jpg
wrecka-krew,datacards,breaka-boy-demolisha_back,https://raw.githubusercontent.com/Wen-Qualtu/kt-datacards/main/output/wrecka-krew/datacards/breaka-boy-demolisha_back.jpg
wrecka-krew,datacards,breaka-boy-demolisha_front,https://raw.githubusercontent.com/Wen-Qualtu/kt-datacards/main/output/wrecka-krew/datacards/breaka-boy-demolisha_front.jpg
wrecka-krew,datacards,breaka-boy-fighter_back,https://raw.githubusercontent.com/Wen-Qualtu/kt-datacards/main/output/wrecka-krew/datacards/breaka-boy-fighter_back.jpg
wrecka-krew,datacards,breaka-boy-fighter_front,https://raw.githubusercontent.com/Wen-Qualtu/kt-datacards/main/output/wrecka-krew/datacards/breaka-boy-fighter_front.jpg
wrecka-krew,datacards,breaka-boy-krusha_back,https://raw.githubusercontent.com/Wen-Qualtu/kt-datacards/main/output/wrecka-krew/datacards/breaka-boy-krusha_back.jpg
wrecka-krew,datacards,breaka-boy-krusha_front,https://raw.githubusercontent.com/Wen-Qualtu/kt-datacards/main/output/wrecka-krew/datacards/breaka-boy-krusha_front.jpg
wrecka-krew,datacards,tankbusta-gunner_back,https://raw.githubusercontent.com/Wen-Qualtu/kt-datacards/main/output/wrecka-krew/datacards/tankbusta-gunner_back.jpg
wrecka-krew,datacards,tankbusta-gunner_front,https://raw.githubusercontent.com/Wen-Qualtu/kt-datacards/main/output/wrecka-krew/datacards/tankbusta-gunner_front.jpg
wrecka-krew,datacards,tankbusta-rokkiteer_back,https://raw.githubusercontent.com/Wen-Qualtu/kt-datacards/main/output/wrecka-krew/datacards/tankbusta-rokkiteer_back.jpg
wrecka-krew,datacards,tankbusta-rokkiteer_front,https://raw.githubusercontent.com/Wen-Qualtu/kt-datacards/main/output/wrecka-krew/datacards/tankbusta-rokkiteer_front.jpg
wrecka-krew,datacards,wrecka-bomb-squig_back,https://raw.githubusercontent.com/Wen-Qualtu/kt-datacards/main/output/wrecka-krew/datacards/wrecka-bomb-squig_back.jpg
wrecka-krew,datacards,wrecka-bomb-squig_front,https://raw.githubusercontent.com/Wen-Qualtu/kt-datacards/main/output/wrecka-krew/datacards/wrecka-bomb-squig_front.jpg
wrecka-krew,datacards,wrecka-boss-nob_back,https://raw.githubusercontent.com/Wen-Qualtu/kt-datacards/main/output/wrecka-krew/datacards/wrecka-boss-nob_back.jpg
wrecka-krew,datacards,wrecka-boss-nob_front,https://raw.githubusercontent.com/Wen-Qualtu/kt-datacards/main/output/wrecka-krew/datacards/wrecka-boss-nob_front.jpg
wrecka-krew,equipment,drill-rokkits_back,https://raw.githubusercontent.com/Wen-Qualtu/kt-datacards/main/output/wrecka-krew/equipment/drill-rokkits_back.jpg
wrecka-krew,equipment,drill-rokkits_front,https://raw.githubusercontent.com/Wen-Qualtu/kt-datacards/main/output/wrecka-krew/equipment/drill-rokkits_front.jpg
wrecka-krew,equipment,engine-oil_back,https://raw.githubusercontent.com/Wen-Qualtu/kt-datacards/main/output/wrecka-krew/equipment/engine-oil_back.jpg
wrecka-krew,equipment,engine-oil_front,https://raw.githubusercontent.com/Wen-Qualtu/kt-datacards/main/output/wrecka-krew/equipment/engine-oil_front.jpg
wrecka-krew,equipment,extra-armour_back,https://raw.githubusercontent.com/Wen-Qualtu/kt-datacards/main/output/wrecka-krew/equipment/extra-armour_back.jpg
wrecka-krew,equipment,extra-armour_front,https://raw.githubusercontent.com/Wen-Qualtu/kt-datacards/main/output/wrecka-krew/equipment/extra-armour_front.jpg
wrecka-krew,equipment,glyphs_back,https://raw.githubusercontent.com/Wen-Qualtu/kt-datacards/main/output/wrecka-krew/equipment/glyphs_back.jpg
wrecka-krew,equipment,glyphs_front,https://raw.githubusercontent.com/Wen-Qualtu/kt-datacards/main/output/wrecka-krew/equipment/glyphs_front.jpg
wrecka-krew,faction-rules,markertoken-guide_back,https://raw.githubusercontent.com/Wen-Qualtu/kt-datacards/main/output/wrecka-krew/faction-rules/markertoken-guide_back.jpg
wrecka-krew,faction-rules,markertoken-guide_front,https://raw.githubusercontent.com/Wen-Qualtu/kt-datacards/main/output/wrecka-krew/faction-rules/markertoken-guide_front.jpg
wrecka-krew,faction-rules,tanked-up_back,https://raw.githubusercontent.com/Wen-Qualtu/kt-datacards/main/output/wrecka-krew/faction-rules/tanked-up_back.jpg
wrecka-krew,faction-rules,tanked-up_front,https://raw.githubusercontent.com/Wen-Qualtu/kt-datacards/main/output/wrecka-krew/faction-rules/tanked-up_front.jpg
wrecka-krew,faction-rules,wrecka-rampage_back,https://raw.githubusercontent.com/Wen-Qualtu/kt-datacards/main/output/wrecka-krew/faction-rules/wrecka-rampage_back.jpg
wrecka-krew,faction-rules,wrecka-rampage_front,https://raw.githubusercontent.com/Wen-Qualtu/kt-datacards/main/output/wrecka-krew/faction-rules/wrecka-rampage_front.jpg
wrecka-krew,firefight-ploys,demolition-job_back,https://raw.githubusercontent.com/Wen-Qualtu/kt-datacards/main/output/wrecka-krew/firefight-ploys/demolition-job_back.jpg
wrecka-krew,firefight-ploys,demolition-job_front,https://raw.githubusercontent.com/Wen-Qualtu/kt-datacards/main/output/wrecka-krew/firefight-ploys/demolition-job_front.jpg
wrecka-krew,firefight-ploys,just-a-scratch_back,https://raw.githubusercontent.com/Wen-Qualtu/kt-datacards/main/output/wrecka-krew/firefight-ploys/just-a-scratch_back.jpg
wrecka-krew,firefight-ploys,just-a-scratch_front,https://raw.githubusercontent.com/Wen-Qualtu/kt-datacards/main/output/wrecka-krew/firefight-ploys/just-a-scratch_front.jpg
wrecka-krew,firefight-ploys,kaboom_back,https://raw.githubusercontent.com/Wen-Qualtu/kt-datacards/main/output/wrecka-krew/firefight-ploys/kaboom_back.jpg
wrecka-krew,firefight-ploys,kaboom_front,https://raw.githubusercontent.com/Wen-Qualtu/kt-datacards/main/output/wrecka-krew/firefight-ploys/kaboom_front.jpg
wrecka-krew,firefight-ploys,proppa-scrap_back,https://raw.githubusercontent.com/Wen-Qualtu/kt-datacards/main/output/wrecka-krew/firefight-ploys/proppa-scrap_back.jpg
wrecka-krew,firefight-ploys,proppa-scrap_front,https://raw.githubusercontent.com/Wen-Qualtu/kt-datacards/main/output/wrecka-krew/firefight-ploys/proppa-scrap_front.jpg
wrecka-krew,operatives,operatives_back,https://raw.githubusercontent.com/Wen-Qualtu/kt-datacards/main/output/wrecka-krew/operatives/operatives_back.jpg
wrecka-krew,operatives,operatives_front,https://raw.githubusercontent.com/Wen-Qualtu/kt-datacards/main/output/wrecka-krew/operatives/operatives_front.jpg
wrecka-krew,strategy-ploys,amped-up_back,https://raw.githubusercontent.com/Wen-Qualtu/kt-datacards/main/output/wrecka-krew/strategy-ploys/amped-up_back.jpg
wrecka-krew,strategy-ploys,amped-up_front,https://raw.githubusercontent.com/Wen-Qualtu/kt-datacards/main/output/wrecka-krew/strategy-ploys/amped-up_front.jpg
wrecka-krew,strategy-ploys,destruction_back,https://raw.githubusercontent.com/Wen-Qualtu/kt-datacards/main/output/wrecka-krew/strategy-ploys/destruction_back.jpg
wrecka-krew,strategy-ploys,destruction_front,https://raw.githubusercontent.com/Wen-Qualtu/kt-datacards/main/output/wrecka-krew/strategy-ploys/destruction_front.jpg
wrecka-krew,strategy-ploys,tuff-gitz_back,https://raw.githubusercontent.com/Wen-Qualtu/kt-datacards/main/output/wrecka-krew/strategy-ploys/tuff-gitz_back.jpg
wrecka-krew,strategy-ploys,tuff-gitz_front,https://raw.githubusercontent.com/Wen-Qualtu/kt-datacards/main/output/wrecka-krew/strategy-ploys/tuff-gitz_front.jpg
wrecka-krew,strategy-ploys,waaagh_back,https://raw.githubusercontent.com/Wen-Qualtu/kt-datacards/main/output/wrecka-krew/strategy-ploys/waaagh_back.jpg
wrecka-krew,strategy-ploys,waaagh_front,https://raw.githubusercontent.com/Wen-Qualtu/kt-datacards/main/output/wrecka-krew/strategy-ploys/waaagh_front.jpg
