faction,army,team,type,name,url
imperium,adeptus-mechanicus,battleclade,datacards,battleclade-auto-proxy-servitor_back,https://raw.githubusercontent.com/Wen-Qualtu/kt-datacards/main/output/v2/imperium/adeptus-mechanicus/battleclade/datacards/battleclade-auto-proxy-servitor_back.jpg
imperium,adeptus-mechanicus,battleclade,datacards,battleclade-auto-proxy-servitor_front,https://raw.githubusercontent.com/Wen-Qualtu/kt-datacards/main/output/v2/imperium/adeptus-mechanicus/battleclade/datacards/battleclade-auto-proxy-servitor_front.jpg
imperium,adeptus-mechanicus,battleclade,datacards,battleclade-breacher-servitor_back,https://raw.githubusercontent.com/Wen-Qualtu/kt-datacards/main/output/v2/imperium/adeptus-mechanicus/battleclade/datacards/battleclade-breacher-servitor_back.jpg
imperium,adeptus-mechanicus,battleclade,datacards,battleclade-breacher-servitor_front,https://raw.githubusercontent.com/Wen-Qualtu/kt-datacards/main/output/v2/imperium/adeptus-mechanicus/battleclade/datacards/battleclade-breacher-servitor_front.jpg
imperium,adeptus-mechanicus,battleclade,datacards,battleclade-combat-servitor_back,https://raw.githubusercontent.com/Wen-Qualtu/kt-datacards/main/output/v2/imperium/adeptus-mechanicus/battleclade/datacards/battleclade-combat-servitor_back.jpg
imperium,adeptus-mechanicus,battleclade,datacards,battleclade-combat-servitor_front,https://raw.githubusercontent.com/Wen-Qualtu/kt-datacards/main/output/v2/imperium/adeptus-mechanicus/battleclade/datacards/battleclade-combat-servitor_front.jpg
imperium,adeptus-mechanicus,battleclade,datacards,battleclade-gun-servitor_back,https://raw.githubusercontent.com/Wen-Qualtu/kt-datacards/main/output/v2/imperium/adeptus-mechanicus/battleclade/datacards/battleclade-gun-servitor_back.jpg
imperium,adeptus-mechanicus,battleclade,datacards,battleclade-gun-servitor_front,https://raw.githubusercontent.com/Wen-Qualtu/kt-datacards/main/output/v2/imperium/adeptus-mechanicus/battleclade/datacards/battleclade-gun-servitor_front.jpg
imperium,adeptus-mechanicus,battleclade,datacards,battleclade-servitor-underseer_back,https://raw.githubusercontent.com/Wen-Qualtu/kt-datacards/main/output/v2/imperium/adeptus-mechanicus/battleclade/datacards/battleclade-servitor-underseer_back.jpg
imperium,adeptus-mechanicus,battleclade,datacards,battleclade-servitor-underseer_front,https://raw.githubusercontent.com/Wen-Qualtu/kt-datacards/main/output/v2/imperium/adeptus-mechanicus/battleclade/datacards/battleclade-servitor-underseer_front.jpg
imperium,adeptus-mechanicus,battleclade,datacards,battleclade-technoarcheologist_back,https://raw.githubusercontent.com/Wen-Qualtu/kt-datacards/main/output/v2/imperium/adeptus-mechanicus/battleclade/datacards/battleclade-technoarcheologist_back.jpg
imperium,adeptus-mechanicus,battleclade,datacards,battleclade-technoarcheologist_front,https://raw.githubusercontent.com/Wen-Qualtu/kt-datacards/main/output/v2/imperium/adeptus-mechanicus/battleclade/datacards/battleclade-technoarcheologist_front.jpg
imperium,adeptus-mechanicus,battleclade,datacards,battleclade-technomedic-servitor_back,https://raw.githubusercontent.com/Wen-Qualtu/kt-datacards/main/output/v2/imperium/adeptus-mechanicus/battleclade/datacards/battleclade-technomedic-servitor_back.jpg
imperium,adeptus-mechanicus,battleclade,datacards,battleclade-technomedic-servitor_front,https://raw.githubusercontent.com/Wen-Qualtu/kt-datacards/main/output/v2/imperium/adeptus-mechanicus/battleclade/datacards/battleclade-technomedic-servitor_front.jpg
imperium,adeptus-mechanicus,battleclade,equipment,battleclade-concealed-apparatus_back,https://raw.githubusercontent.com/Wen-Qualtu/kt-datacards/main/output/v2/imperium/adeptus-mechanicus/battleclade/equipment/battleclade-concealed-apparatus_back.jpg
imperium,adeptus-mechanicus,battleclade,equipment,battleclade-concealed-apparatus_front,https://raw.githubusercontent.com/Wen-Qualtu/kt-datacards/main/output/v2/imperium/adeptus-mechanicus/battleclade/equipment/battleclade-concealed-apparatus_front.jpg
imperium,adeptus-mechanicus,battleclade,equipment,battleclade-covert-guises_back,https://raw.githubusercontent.com/Wen-Qualtu/kt-datacards/main/output/v2/imperium/adeptus-mechanicus/battleclade/equipment/battleclade-covert-guises_back.jpg
imperium,adeptus-mechanicus,battleclade,equipment,battleclade-covert-guises_front,https://raw.githubusercontent.com/Wen-Qualtu/kt-datacards/main/output/v2/imperium/adeptus-mechanicus/battleclade/equipment/battleclade-covert-guises_front.jpg
imperium,adeptus-mechanicus,battleclade,equipment,battleclade-electromantic-capacitors_back,https://raw.githubusercontent.com/Wen-Qualtu/kt-datacards/main/output/v2/imperium/adeptus-mechanicus/battleclade/equipment/battleclade-electromantic-capacitors_back.jpg
imperium,adeptus-mechanicus,battleclade,equipment,battleclade-electromantic-capacitors_front,https://raw.githubusercontent.com/Wen-Qualtu/kt-datacards/main/output/v2/imperium/adeptus-mechanicus/battleclade/equipment/battleclade-electromantic-capacitors_front.jpg
imperium,adeptus-mechanicus,battleclade,equipment,battleclade-neurocyclic-reserve-cells_back,https://raw.githubusercontent.com/Wen-Qualtu/kt-datacards/main/output/v2/imperium/adeptus-mechanicus/battleclade/equipment/battleclade-neurocyclic-reserve-cells_back.jpg
imperium,adeptus-mechanicus,battleclade,equipment,battleclade-neurocyclic-reserve-cells_front,https://raw.githubusercontent.com/Wen-Qualtu/kt-datacards/main/output/v2/imperium/adeptus-mechanicus/battleclade/equipment/battleclade-neurocyclic-reserve-cells_front.jpg
imperium,adeptus-mechanicus,battleclade,faction-rules,battleclade-markertoken-guide_back,https://raw.githubusercontent.com/Wen-Qualtu/kt-datacards/main/output/v2/imperium/adeptus-mechanicus/battleclade/faction-rules/battleclade-markertoken-guide_back.jpg
imperium,adeptus-mechanicus,battleclade,faction-rules,battleclade-markertoken-guide_front,https://raw.githubusercontent.com/Wen-Qualtu/kt-datacards/main/output/v2/imperium/adeptus-mechanicus/battleclade/faction-rules/battleclade-markertoken-guide_front.jpg
imperium,adeptus-mechanicus,battleclade,faction-rules,battleclade-noospheric-network_back,https://raw.githubusercontent.com/Wen-Qualtu/kt-datacards/main/output/v2/imperium/adeptus-mechanicus/battleclade/faction-rules/battleclade-noospheric-network_back.jpg
imperium,adeptus-mechanicus,battleclade,faction-rules,battleclade-noospheric-network_front,https://raw.githubusercontent.com/Wen-Qualtu/kt-datacards/main/output/v2/imperium/adeptus-mechanicus/battleclade/faction-rules/battleclade-noospheric-network_front.jpg
imperium,adeptus-mechanicus,battleclade,firefight-ploys,battleclade-auto-ferric-supplication_back,https://raw.githubusercontent.com/Wen-Qualtu/kt-datacards/main/output/v2/imperium/adeptus-mechanicus/battleclade/firefight-ploys/battleclade-auto-ferric-supplication_back.jpg
imperium,adeptus-mechanicus,battleclade,firefight-ploys,battleclade-auto-ferric-supplication_front,https://raw.githubusercontent.com/Wen-Qualtu/kt-datacards/main/output/v2/imperium/adeptus-mechanicus/battleclade/firefight-ploys/battleclade-auto-ferric-supplication_front.jpg
imperium,adeptus-mechanicus,battleclade,firefight-ploys,battleclade-remote-access_back,https://raw.githubusercontent.com/Wen-Qualtu/kt-datacards/main/output/v2/imperium/adeptus-mechanicus/battleclade/firefight-ploys/battleclade-remote-access_back.jpg
imperium,adeptus-mechanicus,battleclade,firefight-ploys,battleclade-remote-access_front,https://raw.githubusercontent.com/Wen-Qualtu/kt-datacards/main/output/v2/imperium/adeptus-mechanicus/battleclade/firefight-ploys/battleclade-remote-access_front.jpg
imperium,adeptus-mechanicus,battleclade,firefight-ploys,battleclade-servile-surrogacy_back,https://raw.githubusercontent.com/Wen-Qualtu/kt-datacards/main/output/v2/imperium/adeptus-mechanicus/battleclade/firefight-ploys/battleclade-servile-surrogacy_back.jpg
imperium,adeptus-mechanicus,battleclade,firefight-ploys,battleclade-servile-surrogacy_front,https://raw.githubusercontent.com/Wen-Qualtu/kt-datacards/main/output/v2/imperium/adeptus-mechanicus/battleclade/firefight-ploys/battleclade-servile-surrogacy_front.jpg
imperium,adeptus-mechanicus,battleclade,firefight-ploys,battleclade-system-exorcism_back,https://raw.githubusercontent.com/Wen-Qualtu/kt-datacards/main/output/v2/imperium/adeptus-mechanicus/battleclade/firefight-ploys/battleclade-system-exorcism_back.jpg
imperium,adeptus-mechanicus,battleclade,firefight-ploys,battleclade-system-exorcism_front,https://raw.githubusercontent.com/Wen-Qualtu/kt-datacards/main/output/v2/imperium/adeptus-mechanicus/battleclade/firefight-ploys/battleclade-system-exorcism_front.jpg
imperium,adeptus-mechanicus,battleclade,operative-selection,battleclade-operative-selection_back,https://raw.githubusercontent.com/Wen-Qualtu/kt-datacards/main/output/v2/imperium/adeptus-mechanicus/battleclade/operative-selection/battleclade-operative-selection_back.jpg
imperium,adeptus-mechanicus,battleclade,operative-selection,battleclade-operative-selection_front,https://raw.githubusercontent.com/Wen-Qualtu/kt-datacards/main/output/v2/imperium/adeptus-mechanicus/battleclade/operative-selection/battleclade-operative-selection_front.jpg
imperium,adeptus-mechanicus,battleclade,strategy-ploys,battleclade-duty-of-reclamation_back,https://raw.githubusercontent.com/Wen-Qualtu/kt-datacards/main/output/v2/imperium/adeptus-mechanicus/battleclade/strategy-ploys/battleclade-duty-of-reclamation_back.jpg
imperium,adeptus-mechanicus,battleclade,strategy-ploys,battleclade-duty-of-reclamation_front,https://raw.githubusercontent.com/Wen-Qualtu/kt-datacards/main/output/v2/imperium/adeptus-mechanicus/battleclade/strategy-ploys/battleclade-duty-of-reclamation_front.jpg
imperium,adeptus-mechanicus,battleclade,strategy-ploys,battleclade-incantation-of-the-iron-soul_back,https://raw.githubusercontent.com/Wen-Qualtu/kt-datacards/main/output/v2/imperium/adeptus-mechanicus/battleclade/strategy-ploys/battleclade-incantation-of-the-iron-soul_back.jpg
imperium,adeptus-mechanicus,battleclade,strategy-ploys,battleclade-incantation-of-the-iron-soul_front,https://raw.githubusercontent.com/Wen-Qualtu/kt-datacards/main/output/v2/imperium/adeptus-mechanicus/battleclade/strategy-ploys/battleclade-incantation-of-the-iron-soul_front.jpg
imperium,adeptus-mechanicus,battleclade,strategy-ploys,battleclade-noospheric-possession_back,https://raw.githubusercontent.com/Wen-Qualtu/kt-datacards/main/output/v2/imperium/adeptus-mechanicus/battleclade/strategy-ploys/battleclade-noospheric-possession_back.jpg
imperium,adeptus-mechanicus,battleclade,strategy-ploys,battleclade-noospheric-possession_front,https://raw.githubusercontent.com/Wen-Qualtu/kt-datacards/main/output/v2/imperium/adeptus-mechanicus/battleclade/strategy-ploys/battleclade-noospheric-possession_front.jpg
imperium,adeptus-mechanicus,battleclade,strategy-ploys,battleclade-prioritised-acquisition_back,https://raw.githubusercontent.com/Wen-Qualtu/kt-datacards/main/output/v2/imperium/adeptus-mechanicus/battleclade/strategy-ploys/battleclade-prioritised-acquisition_back.jpg
imperium,adeptus-mechanicus,battleclade,strategy-ploys,battleclade-prioritised-acquisition_front,https://raw.githubusercontent.com/Wen-Qualtu/kt-datacards/main/output/v2/imperium/adeptus-mechanicus/battleclade/strategy-ploys/battleclade-prioritised-acquisition_front.jpg
imperium,arbites,exaction-squad,datacards,exaction-squad-arbites-castigator_back,https://raw.githubusercontent.com/Wen-Qualtu/kt-datacards/main/output/v2/imperium/arbites/exaction-squad/datacards/exaction-squad-arbites-castigator_back.jpg
imperium,arbites,exaction-squad,datacards,exaction-squad-arbites-castigator_front,https://raw.githubusercontent.com/Wen-Qualtu/kt-datacards/main/output/v2/imperium/arbites/exaction-squad/datacards/exaction-squad-arbites-castigator_front.jpg
imperium,arbites,exaction-squad,datacards,exaction-squad-arbites-chirurgant_back,https://raw.githubusercontent.com/Wen-Qualtu/kt-datacards/main/output/v2/imperium/arbites/exaction-squad/datacards/exaction-squad-arbites-chirurgant_back.jpg
imperium,arbites,exaction-squad,datacards,exaction-squad-arbites-chirurgant_front,https://raw.githubusercontent.com/Wen-Qualtu/kt-datacards/main/output/v2/imperium/arbites/exaction-squad/datacards/exaction-squad-arbites-chirurgant_front.jpg
imperium,arbites,exaction-squad,datacards,exaction-squad-arbites-gunner_back,https://raw.githubusercontent.com/Wen-Qualtu/kt-datacards/main/output/v2/imperium/arbites/exaction-squad/datacards/exaction-squad-arbites-gunner_back.jpg
imperium,arbites,exaction-squad,datacards,exaction-squad-arbites-gunner_front,https://raw.githubusercontent.com/Wen-Qualtu/kt-datacards/main/output/v2/imperium/arbites/exaction-squad/datacards/exaction-squad-arbites-gunner_front.jpg
imperium,arbites,exaction-squad,datacards,exaction-squad-arbites-leashmaster_back,https://raw.githubusercontent.com/Wen-Qualtu/kt-datacards/main/output/v2/imperium/arbites/exaction-squad/datacards/exaction-squad-arbites-leashmaster_back.jpg
imperium,arbites,exaction-squad,datacards,exaction-squad-arbites-leashmaster_front,https://raw.githubusercontent.com/Wen-Qualtu/kt-datacards/main/output/v2/imperium/arbites/exaction-squad/datacards/exaction-squad-arbites-leashmaster_front.jpg
imperium,arbites,exaction-squad,datacards,exaction-squad-arbites-malocator_back,https://raw.githubusercontent.com/Wen-Qualtu/kt-datacards/main/output/v2/imperium/arbites/exaction-squad/datacards/exaction-squad-arbites-malocator_back.jpg
imperium,arbites,exaction-squad,datacards,exaction-squad-arbites-malocator_front,https://raw.githubusercontent.com/Wen-Qualtu/kt-datacards/main/output/v2/imperium/arbites/exaction-squad/datacards/exaction-squad-arbites-malocator_front.jpg
imperium,arbites,exaction-squad,datacards,exaction-squad-arbites-marksman_back,https://raw.githubusercontent.com/Wen-Qualtu/kt-datacards/main/output/v2/imperium/arbites/exaction-squad/datacards/exaction-squad-arbites-marksman_back.jpg
imperium,arbites,exaction-squad,datacards,exaction-squad-arbites-marksman_front,https://raw.githubusercontent.com/Wen-Qualtu/kt-datacards/main/output/v2/imperium/arbites/exaction-squad/datacards/exaction-squad-arbites-marksman_front.jpg
imperium,arbites,exaction-squad,datacards,exaction-squad-arbites-proctor-exactant_back,https://raw.githubusercontent.com/Wen-Qualtu/kt-datacards/main/output/v2/imperium/arbites/exaction-squad/datacards/exaction-squad-arbites-proctor-exactant_back.jpg
imperium,arbites,exaction-squad,datacards,exaction-squad-arbites-proctor-exactant_front,https://raw.githubusercontent.com/Wen-Qualtu/kt-datacards/main/output/v2/imperium/arbites/exaction-squad/datacards/exaction-squad-arbites-proctor-exactant_front.jpg
imperium,arbites,exaction-squad,datacards,exaction-squad-arbites-revelatum_back,https://raw.githubusercontent.com/Wen-Qualtu/kt-datacards/main/output/v2/imperium/arbites/exaction-squad/datacards/exaction-squad-arbites-revelatum_back.jpg
imperium,arbites,exaction-squad,datacards,exaction-squad-arbites-revelatum_front,https://raw.githubusercontent.com/Wen-Qualtu/kt-datacards/main/output/v2/imperium/arbites/exaction-squad/datacards/exaction-squad-arbites-revelatum_front.jpg
imperium,arbites,exaction-squad,datacards,exaction-squad-arbites-subductor_back,https://raw.githubusercontent.com/Wen-Qualtu/kt-datacards/main/output/v2/imperium/arbites/exaction-squad/datacards/exaction-squad-arbites-subductor_back.jpg
imperium,arbites,exaction-squad,datacards,exaction-squad-arbites-subductor_front,https://raw.githubusercontent.com/Wen-Qualtu/kt-datacards/main/output/v2/imperium/arbites/exaction-squad/datacards/exaction-squad-arbites-subductor_front.jpg
imperium,arbites,exaction-squad,datacards,exaction-squad-arbites-vigilant_back,https://raw.githubusercontent.com/Wen-Qualtu/kt-datacards/main/output/v2/imperium/arbites/exaction-squad/datacards/exaction-squad-arbites-vigilant_back.jpg
imperium,arbites,exaction-squad,datacards,exaction-squad-arbites-vigilant_front,https://raw.githubusercontent.com/Wen-Qualtu/kt-datacards/main/output/v2/imperium/arbites/exaction-squad/datacards/exaction-squad-arbites-vigilant_front.jpg
imperium,arbites,exaction-squad,datacards,exaction-squad-arbites-vox-signifier_back,https://raw.githubusercontent.com/Wen-Qualtu/kt-datacards/main/output/v2/imperium/arbites/exaction-squad/datacards/exaction-squad-arbites-vox-signifier_back.jpg
imperium,arbites,exaction-squad,datacards,exaction-squad-arbites-vox-signifier_front,https://raw.githubusercontent.com/Wen-Qualtu/kt-datacards/main/output/v2/imperium/arbites/exaction-squad/datacards/exaction-squad-arbites-vox-signifier_front.jpg
imperium,arbites,exaction-squad,datacards,exaction-squad-r-vr-cyber-mastiff_back,https://raw.githubusercontent.com/Wen-Qualtu/kt-datacards/main/output/v2/imperium/arbites/exaction-squad/datacards/exaction-squad-r-vr-cyber-mastiff_back.jpg
imperium,arbites,exaction-squad,datacards,exaction-squad-r-vr-cyber-mastiff_front,https://raw.githubusercontent.com/Wen-Qualtu/kt-datacards/main/output/v2/imperium/arbites/exaction-squad/datacards/exaction-squad-r-vr-cyber-mastiff_front.jpg
imperium,arbites,exaction-squad,equipment,exaction-squad-manacles_back,https://raw.githubusercontent.com/Wen-Qualtu/kt-datacards/main/output/v2/imperium/arbites/exaction-squad/equipment/exaction-squad-manacles_back.jpg
imperium,arbites,exaction-squad,equipment,exaction-squad-manacles_front,https://raw.githubusercontent.com/Wen-Qualtu/kt-datacards/main/output/v2/imperium/arbites/exaction-squad/equipment/exaction-squad-manacles_front.jpg
imperium,arbites,exaction-squad,equipment,exaction-squad-reinforced-mirror-visor_back,https://raw.githubusercontent.com/Wen-Qualtu/kt-datacards/main/output/v2/imperium/arbites/exaction-squad/equipment/exaction-squad-reinforced-mirror-visor_back.jpg
imperium,arbites,exaction-squad,equipment,exaction-squad-reinforced-mirror-visor_front,https://raw.githubusercontent.com/Wen-Qualtu/kt-datacards/main/output/v2/imperium/arbites/exaction-squad/equipment/exaction-squad-reinforced-mirror-visor_front.jpg
imperium,arbites,exaction-squad,equipment,exaction-squad-special-issue-shells_back,https://raw.githubusercontent.com/Wen-Qualtu/kt-datacards/main/output/v2/imperium/arbites/exaction-squad/equipment/exaction-squad-special-issue-shells_back.jpg
imperium,arbites,exaction-squad,equipment,exaction-squad-special-issue-shells_front,https://raw.githubusercontent.com/Wen-Qualtu/kt-datacards/main/output/v2/imperium/arbites/exaction-squad/equipment/exaction-squad-special-issue-shells_front.jpg
imperium,arbites,exaction-squad,equipment,exaction-squad-strobing-phosphor-lumen_back,https://raw.githubusercontent.com/Wen-Qualtu/kt-datacards/main/output/v2/imperium/arbites/exaction-squad/equipment/exaction-squad-strobing-phosphor-lumen_back.jpg
imperium,arbites,exaction-squad,equipment,exaction-squad-strobing-phosphor-lumen_front,https://raw.githubusercontent.com/Wen-Qualtu/kt-datacards/main/output/v2/imperium/arbites/exaction-squad/equipment/exaction-squad-strobing-phosphor-lumen_front.jpg
imperium,arbites,exaction-squad,faction-rules,exaction-squad-marked-for-justice_back,https://raw.githubusercontent.com/Wen-Qualtu/kt-datacards/main/output/v2/imperium/arbites/exaction-squad/faction-rules/exaction-squad-marked-for-justice_back.jpg
imperium,arbites,exaction-squad,faction-rules,exaction-squad-marked-for-justice_front,https://raw.githubusercontent.com/Wen-Qualtu/kt-datacards/main/output/v2/imperium/arbites/exaction-squad/faction-rules/exaction-squad-marked-for-justice_front.jpg
imperium,arbites,exaction-squad,faction-rules,exaction-squad-markertoken-guide_back,https://raw.githubusercontent.com/Wen-Qualtu/kt-datacards/main/output/v2/imperium/arbites/exaction-squad/faction-rules/exaction-squad-markertoken-guide_back.jpg
imperium,arbites,exaction-squad,faction-rules,exaction-squad-markertoken-guide_front,https://raw.githubusercontent.com/Wen-Qualtu/kt-datacards/main/output/v2/imperium/arbites/exaction-squad/faction-rules/exaction-squad-markertoken-guide_front.jpg
imperium,arbites,exaction-squad,faction-rules,exaction-squad-repress_back,https://raw.githubusercontent.com/Wen-Qualtu/kt-datacards/main/output/v2/imperium/arbites/exaction-squad/faction-rules/exaction-squad-repress_back.jpg
imperium,arbites,exaction-squad,faction-rules,exaction-squad-repress_front,https://raw.githubusercontent.com/Wen-Qualtu/kt-datacards/main/output/v2/imperium/arbites/exaction-squad/faction-rules/exaction-squad-repress_front.jpg
imperium,arbites,exaction-squad,faction-rules,exaction-squad-ruthless-efficiency_back,https://raw.githubusercontent.com/Wen-Qualtu/kt-datacards/main/output/v2/imperium/arbites/exaction-squad/faction-rules/exaction-squad-ruthless-efficiency_back.jpg
imperium,arbites,exaction-squad,faction-rules,exaction-squad-ruthless-efficiency_front,https://raw.githubusercontent.com/Wen-Qualtu/kt-datacards/main/output/v2/imperium/arbites/exaction-squad/faction-rules/exaction-squad-ruthless-efficiency_front.jpg
imperium,arbites,exaction-squad,firefight-ploys,exaction-squad-brutal-backup_back,https://raw.githubusercontent.com/Wen-Qualtu/kt-datacards/main/output/v2/imperium/arbites/exaction-squad/firefight-ploys/exaction-squad-brutal-backup_back.jpg
imperium,arbites,exaction-squad,firefight-ploys,exaction-squad-brutal-backup_front,https://raw.githubusercontent.com/Wen-Qualtu/kt-datacards/main/output/v2/imperium/arbites/exaction-squad/firefight-ploys/exaction-squad-brutal-backup_front.jpg
imperium,arbites,exaction-squad,firefight-ploys,exaction-squad-exact-punishment_back,https://raw.githubusercontent.com/Wen-Qualtu/kt-datacards/main/output/v2/imperium/arbites/exaction-squad/firefight-ploys/exaction-squad-exact-punishment_back.jpg
imperium,arbites,exaction-squad,firefight-ploys,exaction-squad-exact-punishment_front,https://raw.githubusercontent.com/Wen-Qualtu/kt-datacards/main/output/v2/imperium/arbites/exaction-squad/firefight-ploys/exaction-squad-exact-punishment_front.jpg
imperium,arbites,exaction-squad,firefight-ploys,exaction-squad-execution-order_back,https://raw.githubusercontent.com/Wen-Qualtu/kt-datacards/main/output/v2/imperium/arbites/exaction-squad/firefight-ploys/exaction-squad-execution-order_back.jpg
imperium,arbites,exaction-squad,firefight-ploys,exaction-squad-execution-order_front,https://raw.githubusercontent.com/Wen-Qualtu/kt-datacards/main/output/v2/imperium/arbites/exaction-squad/firefight-ploys/exaction-squad-execution-order_front.jpg
imperium,arbites,exaction-squad,firefight-ploys,exaction-squad-long-arm-of-the-emperors-law_back,https://raw.githubusercontent.com/Wen-Qualtu/kt-datacards/main/output/v2/imperium/arbites/exaction-squad/firefight-ploys/exaction-squad-long-arm-of-the-emperors-law_back.jpg
imperium,arbites,exaction-squad,firefight-ploys,exaction-squad-long-arm-of-the-emperors-law_front,https://raw.githubusercontent.com/Wen-Qualtu/kt-datacards/main/output/v2/imperium/arbites/exaction-squad/firefight-ploys/exaction-squad-long-arm-of-the-emperors-law_front.jpg
imperium,arbites,exaction-squad,operative-selection,exaction-squad-operative-selection_back,https://raw.githubusercontent.com/Wen-Qualtu/kt-datacards/main/output/v2/imperium/arbites/exaction-squad/operative-selection/exaction-squad-operative-selection_back.jpg
imperium,arbites,exaction-squad,operative-selection,exaction-squad-operative-selection_front,https://raw.githubusercontent.com/Wen-Qualtu/kt-datacards/main/output/v2/imperium/arbites/exaction-squad/operative-selection/exaction-squad-operative-selection_front.jpg
imperium,arbites,exaction-squad,strategy-ploys,exaction-squad-dispense-justice_back,https://raw.githubusercontent.com/Wen-Qualtu/kt-datacards/main/output/v2/imperium/arbites/exaction-squad/strategy-ploys/exaction-squad-dispense-justice_back.jpg
imperium,arbites,exaction-squad,strategy-ploys,exaction-squad-dispense-justice_front,https://raw.githubusercontent.com/Wen-Qualtu/kt-datacards/main/output/v2/imperium/arbites/exaction-squad/strategy-ploys/exaction-squad-dispense-justice_front.jpg
imperium,arbites,exaction-squad,strategy-ploys,exaction-squad-guilt-reveals-itself_back,https://raw.githubusercontent.com/Wen-Qualtu/kt-datacards/main/output/v2/imperium/arbites/exaction-squad/strategy-ploys/exaction-squad-guilt-reveals-itself_back.jpg
imperium,arbites,exaction-squad,strategy-ploys,exaction-squad-guilt-reveals-itself_front,https://raw.githubusercontent.com/Wen-Qualtu/kt-datacards/main/output/v2/imperium/arbites/exaction-squad/strategy-ploys/exaction-squad-guilt-reveals-itself_front.jpg
imperium,arbites,exaction-squad,strategy-ploys,exaction-squad-inviolate-jurisdiction_back,https://raw.githubusercontent.com/Wen-Qualtu/kt-datacards/main/output/v2/imperium/arbites/exaction-squad/strategy-ploys/exaction-squad-inviolate-jurisdiction_back.jpg
imperium,arbites,exaction-squad,strategy-ploys,exaction-squad-inviolate-jurisdiction_front,https://raw.githubusercontent.com/Wen-Qualtu/kt-datacards/main/output/v2/imperium/arbites/exaction-squad/strategy-ploys/exaction-squad-inviolate-jurisdiction_front.jpg
imperium,arbites,exaction-squad,strategy-ploys,exaction-squad-terminal-decree_back,https://raw.githubusercontent.com/Wen-Qualtu/kt-datacards/main/output/v2/imperium/arbites/exaction-squad/strategy-ploys/exaction-squad-terminal-decree_back.jpg
imperium,arbites,exaction-squad,strategy-ploys,exaction-squad-terminal-decree_front,https://raw.githubusercontent.com/Wen-Qualtu/kt-datacards/main/output/v2/imperium/arbites/exaction-squad/strategy-ploys/exaction-squad-terminal-decree_front.jpg
imperium,space-marines,deathwatch,datacards,deathwatch-aegis-veteran_back,https://raw.githubusercontent.com/Wen-Qualtu/kt-datacards/main/output/v2/imperium/space-marines/deathwatch/datacards/deathwatch-aegis-veteran_back.jpg
imperium,space-marines,deathwatch,datacards,deathwatch-aegis-veteran_front,https://raw.githubusercontent.com/Wen-Qualtu/kt-datacards/main/output/v2/imperium/space-marines/deathwatch/datacards/deathwatch-aegis-veteran_front.jpg
imperium,space-marines,deathwatch,datacards,deathwatch-blademaster-veteran_back,https://raw.githubusercontent.com/Wen-Qualtu/kt-datacards/main/output/v2/imperium/space-marines/deathwatch/datacards/deathwatch-blademaster-veteran_back.jpg
imperium,space-marines,deathwatch,datacards,deathwatch-blademaster-veteran_front,https://raw.githubusercontent.com/Wen-Qualtu/kt-datacards/main/output/v2/imperium/space-marines/deathwatch/datacards/deathwatch-blademaster-veteran_front.jpg
imperium,space-marines,deathwatch,datacards,deathwatch-bombard-veteran_back,https://raw.githubusercontent.com/Wen-Qualtu/kt-datacards/main/output/v2/imperium/space-marines/deathwatch/datacards/deathwatch-bombard-veteran_back.jpg
imperium,space-marines,deathwatch,datacards,deathwatch-bombard-veteran_front,https://raw.githubusercontent.com/Wen-Qualtu/kt-datacards/main/output/v2/imperium/space-marines/deathwatch/datacards/deathwatch-bombard-veteran_front.jpg
imperium,space-marines,deathwatch,datacards,deathwatch-breacher-veteran_back,https://raw.githubusercontent.com/Wen-Qualtu/kt-datacards/main/output/v2/imperium/space-marines/deathwatch/datacards/deathwatch-breacher-veteran_back.jpg
imperium,space-marines,deathwatch,datacards,deathwatch-breacher-veteran_front,https://raw.githubusercontent.com/Wen-Qualtu/kt-datacards/main/output/v2/imperium/space-marines/deathwatch/datacards/deathwatch-breacher-veteran_front.jpg
imperium,space-marines,deathwatch,datacards,deathwatch-demolisher-veteran_back,https://raw.githubusercontent.com/Wen-Qualtu/kt-datacards/main/output/v2/imperium/space-marines/deathwatch/datacards/deathwatch-demolisher-veteran_back.jpg
imperium,space-marines,deathwatch,datacards,deathwatch-demolisher-veteran_front,https://raw.githubusercontent.com/Wen-Qualtu/kt-datacards/main/output/v2/imperium/space-marines/deathwatch/datacards/deathwatch-demolisher-veteran_front.jpg
imperium,space-marines,deathwatch,datacards,deathwatch-disruptor-veteran_back,https://raw.githubusercontent.com/Wen-Qualtu/kt-datacards/main/output/v2/imperium/space-marines/deathwatch/datacards/deathwatch-disruptor-veteran_back.jpg
imperium,space-marines,deathwatch,datacards,deathwatch-disruptor-veteran_front,https://raw.githubusercontent.com/Wen-Qualtu/kt-datacards/main/output/v2/imperium/space-marines/deathwatch/datacards/deathwatch-disruptor-veteran_front.jpg
imperium,space-marines,deathwatch,datacards,deathwatch-gunner-veteran_back,https://raw.githubusercontent.com/Wen-Qualtu/kt-datacards/main/output/v2/imperium/space-marines/deathwatch/datacards/deathwatch-gunner-veteran_back.jpg
imperium,space-marines,deathwatch,datacards,deathwatch-gunner-veteran_front,https://raw.githubusercontent.com/Wen-Qualtu/kt-datacards/main/output/v2/imperium/space-marines/deathwatch/datacards/deathwatch-gunner-veteran_front.jpg
imperium,space-marines,deathwatch,datacards,deathwatch-headtaker-veteran_back,https://raw.githubusercontent.com/Wen-Qualtu/kt-datacards/main/output/v2/imperium/space-marines/deathwatch/datacards/deathwatch-headtaker-veteran_back.jpg
imperium,space-marines,deathwatch,datacards,deathwatch-headtaker-veteran_front,https://raw.githubusercontent.com/Wen-Qualtu/kt-datacards/main/output/v2/imperium/space-marines/deathwatch/datacards/deathwatch-headtaker-veteran_front.jpg
imperium,space-marines,deathwatch,datacards,deathwatch-horde-slayer-veteran_back,https://raw.githubusercontent.com/Wen-Qualtu/kt-datacards/main/output/v2/imperium/space-marines/deathwatch/datacards/deathwatch-horde-slayer-veteran_back.jpg
imperium,space-marines,deathwatch,datacards,deathwatch-horde-slayer-veteran_front,https://raw.githubusercontent.com/Wen-Qualtu/kt-datacards/main/output/v2/imperium/space-marines/deathwatch/datacards/deathwatch-horde-slayer-veteran_front.jpg
imperium,space-marines,deathwatch,datacards,deathwatch-marksman-veteran_back,https://raw.githubusercontent.com/Wen-Qualtu/kt-datacards/main/output/v2/imperium/space-marines/deathwatch/datacards/deathwatch-marksman-veteran_back.jpg
imperium,space-marines,deathwatch,datacards,deathwatch-marksman-veteran_front,https://raw.githubusercontent.com/Wen-Qualtu/kt-datacards/main/output/v2/imperium/space-marines/deathwatch/datacards/deathwatch-marksman-veteran_front.jpg
imperium,space-marines,deathwatch,datacards,deathwatch-watch-sergeant_back,https://raw.githubusercontent.com/Wen-Qualtu/kt-datacards/main/output/v2/imperium/space-marines/deathwatch/datacards/deathwatch-watch-sergeant_back.jpg
imperium,space-marines,deathwatch,datacards,deathwatch-watch-sergeant_front,https://raw.githubusercontent.com/Wen-Qualtu/kt-datacards/main/output/v2/imperium/space-marines/deathwatch/datacards/deathwatch-watch-sergeant_front.jpg
imperium,space-marines,deathwatch,equipment,deathwatch-ammunition-reserve_back,https://raw.githubusercontent.com/Wen-Qualtu/kt-datacards/main/output/v2/imperium/space-marines/deathwatch/equipment/deathwatch-ammunition-reserve_back.jpg
imperium,space-marines,deathwatch,equipment,deathwatch-ammunition-reserve_front,https://raw.githubusercontent.com/Wen-Qualtu/kt-datacards/main/output/v2/imperium/space-marines/deathwatch/equipment/deathwatch-ammunition-reserve_front.jpg
imperium,space-marines,deathwatch,equipment,deathwatch-digital-weapons_back,https://raw.githubusercontent.com/Wen-Qualtu/kt-datacards/main/output/v2/imperium/space-marines/deathwatch/equipment/deathwatch-digital-weapons_back.jpg
imperium,space-marines,deathwatch,equipment,deathwatch-digital-weapons_front,https://raw.githubusercontent.com/Wen-Qualtu/kt-datacards/main/output/v2/imperium/space-marines/deathwatch/equipment/deathwatch-digital-weapons_front.jpg
imperium,space-marines,deathwatch,equipment,deathwatch-sanctus-v-bioscryer-cuffs_back,https://raw.githubusercontent.com/Wen-Qualtu/kt-datacards/main/output/v2/imperium/space-marines/deathwatch/equipment/deathwatch-sanctus-v-bioscryer-cuffs_back.jpg
imperium,space-marines,deathwatch,equipment,deathwatch-sanctus-v-bioscryer-cuffs_front,https://raw.githubusercontent.com/Wen-Qualtu/kt-datacards/main/output/v2/imperium/space-marines/deathwatch/equipment/deathwatch-sanctus-v-bioscryer-cuffs_front.jpg
imperium,space-marines,deathwatch,equipment,deathwatch-scrutavore-servo-thrall_back,https://raw.githubusercontent.com/Wen-Qualtu/kt-datacards/main/output/v2/imperium/space-marines/deathwatch/equipment/deathwatch-scrutavore-servo-thrall_back.jpg
imperium,space-marines,deathwatch,equipment,deathwatch-scrutavore-servo-thrall_front,https://raw.githubusercontent.com/Wen-Qualtu/kt-datacards/main/output/v2/imperium/space-marines/deathwatch/equipment/deathwatch-scrutavore-servo-thrall_front.jpg
imperium,space-marines,deathwatch,faction-rules,deathwatch-markertoken-guide_back,https://raw.githubusercontent.com/Wen-Qualtu/kt-datacards/main/output/v2/imperium/space-marines/deathwatch/faction-rules/deathwatch-markertoken-guide_back.jpg
imperium,space-marines,deathwatch,faction-rules,deathwatch-markertoken-guide_front,https://raw.githubusercontent.com/Wen-Qualtu/kt-datacards/main/output/v2/imperium/space-marines/deathwatch/faction-rules/deathwatch-markertoken-guide_front.jpg
imperium,space-marines,deathwatch,faction-rules,deathwatch-special-issue-ammunition_back,https://raw.githubusercontent.com/Wen-Qualtu/kt-datacards/main/output/v2/imperium/space-marines/deathwatch/faction-rules/deathwatch-special-issue-ammunition_back.jpg
imperium,space-marines,deathwatch,faction-rules,deathwatch-special-issue-ammunition_front,https://raw.githubusercontent.com/Wen-Qualtu/kt-datacards/main/output/v2/imperium/space-marines/deathwatch/faction-rules/deathwatch-special-issue-ammunition_front.jpg
imperium,space-marines,deathwatch,faction-rules,deathwatch-veteran-astartes_back,https://raw.githubusercontent.com/Wen-Qualtu/kt-datacards/main/output/v2/imperium/space-marines/deathwatch/faction-rules/deathwatch-veteran-astartes_back.jpg
imperium,space-marines,deathwatch,faction-rules,deathwatch-veteran-astartes_front,https://raw.githubusercontent.com/Wen-Qualtu/kt-datacards/main/output/v2/imperium/space-marines/deathwatch/faction-rules/deathwatch-veteran-astartes_front.jpg
imperium,space-marines,deathwatch,firefight-ploys,deathwatch-advanced-auspex-scan_back,https://raw.githubusercontent.com/Wen-Qualtu/kt-datacards/main/output/v2/imperium/space-marines/deathwatch/firefight-ploys/deathwatch-advanced-auspex-scan_back.jpg
imperium,space-marines,deathwatch,firefight-ploys,deathwatch-advanced-auspex-scan_front,https://raw.githubusercontent.com/Wen-Qualtu/kt-datacards/main/output/v2/imperium/space-marines/deathwatch/firefight-ploys/deathwatch-advanced-auspex-scan_front.jpg
imperium,space-marines,deathwatch,firefight-ploys,deathwatch-auspicator-tracking_back,https://raw.githubusercontent.com/Wen-Qualtu/kt-datacards/main/output/v2/imperium/space-marines/deathwatch/firefight-ploys/deathwatch-auspicator-tracking_back.jpg
imperium,space-marines,deathwatch,firefight-ploys,deathwatch-auspicator-tracking_front,https://raw.githubusercontent.com/Wen-Qualtu/kt-datacards/main/output/v2/imperium/space-marines/deathwatch/firefight-ploys/deathwatch-auspicator-tracking_front.jpg
imperium,space-marines,deathwatch,firefight-ploys,deathwatch-suffer-not-the-alien_back,https://raw.githubusercontent.com/Wen-Qualtu/kt-datacards/main/output/v2/imperium/space-marines/deathwatch/firefight-ploys/deathwatch-suffer-not-the-alien_back.jpg
imperium,space-marines,deathwatch,firefight-ploys,deathwatch-suffer-not-the-alien_front,https://raw.githubusercontent.com/Wen-Qualtu/kt-datacards/main/output/v2/imperium/space-marines/deathwatch/firefight-ploys/deathwatch-suffer-not-the-alien_front.jpg
imperium,space-marines,deathwatch,firefight-ploys,deathwatch-transhuman-physiology_back,https://raw.githubusercontent.com/Wen-Qualtu/kt-datacards/main/output/v2/imperium/space-marines/deathwatch/firefight-ploys/deathwatch-transhuman-physiology_back.jpg
imperium,space-marines,deathwatch,firefight-ploys,deathwatch-transhuman-physiology_front,https://raw.githubusercontent.com/Wen-Qualtu/kt-datacards/main/output/v2/imperium/space-marines/deathwatch/firefight-ploys/deathwatch-transhuman-physiology_front.jpg
imperium,space-marines,deathwatch,operative-selection,deathwatch-operative-selection_back,https://raw.githubusercontent.com/Wen-Qualtu/kt-datacards/main/output/v2/imperium/space-marines/deathwatch/operative-selection/deathwatch-operative-selection_back.jpg
imperium,space-marines,deathwatch,operative-selection,deathwatch-operative-selection_front,https://raw.githubusercontent.com/Wen-Qualtu/kt-datacards/main/output/v2/imperium/space-marines/deathwatch/operative-selection/deathwatch-operative-selection_front.jpg
imperium,space-marines,deathwatch,strategy-ploys,deathwatch-and-they-shall-know-no-fear_back,https://raw.githubusercontent.com/Wen-Qualtu/kt-datacards/main/output/v2/imperium/space-marines/deathwatch/strategy-ploys/deathwatch-and-they-shall-know-no-fear_back.jpg
imperium,space-marines,deathwatch,strategy-ploys,deathwatch-and-they-shall-know-no-fear_front,https://raw.githubusercontent.com/Wen-Qualtu/kt-datacards/main/output/v2/imperium/space-marines/deathwatch/strategy-ploys/deathwatch-and-they-shall-know-no-fear_front.jpg
imperium,space-marines,deathwatch,strategy-ploys,deathwatch-mission-tactics_back,https://raw.githubusercontent.com/Wen-Qualtu/kt-datacards/main/output/v2/imperium/space-marines/deathwatch/strategy-ploys/deathwatch-mission-tactics_back.jpg
imperium,space-marines,deathwatch,strategy-ploys,deathwatch-mission-tactics_front,https://raw.githubusercontent.com/Wen-Qualtu/kt-datacards/main/output/v2/imperium/space-marines/deathwatch/strategy-ploys/deathwatch-mission-tactics_front.jpg
imperium,space-marines,deathwatch,strategy-ploys,deathwatch-the-long-vigil_back,https://raw.githubusercontent.com/Wen-Qualtu/kt-datacards/main/output/v2/imperium/space-marines/deathwatch/strategy-ploys/deathwatch-the-long-vigil_back.jpg
imperium,space-marines,deathwatch,strategy-ploys,deathwatch-the-long-vigil_front,https://raw.githubusercontent.com/Wen-Qualtu/kt-datacards/main/output/v2/imperium/space-marines/deathwatch/strategy-ploys/deathwatch-the-long-vigil_front.jpg
imperium,space-marines,deathwatch,strategy-ploys,deathwatch-the-shield-that-slays_back,https://raw.githubusercontent.com/Wen-Qualtu/kt-datacards/main/output/v2/imperium/space-marines/deathwatch/strategy-ploys/deathwatch-the-shield-that-slays_back.jpg
imperium,space-marines,deathwatch,strategy-ploys,deathwatch-the-shield-that-slays_front,https://raw.githubusercontent.com/Wen-Qualtu/kt-datacards/main/output/v2/imperium/space-marines/deathwatch/strategy-ploys/deathwatch-the-shield-that-slays_front.jpg
xenos,leagues-of-votann,hearthkyn-salvager,datacards,hearthkyn-dzr_front,https://raw.githubusercontent.com/Wen-Qualtu/kt-datacards/main/output/v2/xenos/leagues-of-votann/hearthkyn-salvager/datacards/hearthkyn-dzr_front.jpg
xenos,leagues-of-votann,hearthkyn-salvager,datacards,hearthkyn-field-medic_back,https://raw.githubusercontent.com/Wen-Qualtu/kt-datacards/main/output/v2/xenos/leagues-of-votann/hearthkyn-salvager/datacards/hearthkyn-field-medic_back.jpg
xenos,leagues-of-votann,hearthkyn-salvager,datacards,hearthkyn-field-medic_front,https://raw.githubusercontent.com/Wen-Qualtu/kt-datacards/main/output/v2/xenos/leagues-of-votann/hearthkyn-salvager/datacards/hearthkyn-field-medic_front.jpg
xenos,leagues-of-votann,hearthkyn-salvager,datacards,hearthkyn-grenadier_back,https://raw.githubusercontent.com/Wen-Qualtu/kt-datacards/main/output/v2/xenos/leagues-of-votann/hearthkyn-salvager/datacards/hearthkyn-grenadier_back.jpg
xenos,leagues-of-votann,hearthkyn-salvager,datacards,hearthkyn-grenadier_front,https://raw.githubusercontent.com/Wen-Qualtu/kt-datacards/main/output/v2/xenos/leagues-of-votann/hearthkyn-salvager/datacards/hearthkyn-grenadier_front.jpg
xenos,leagues-of-votann,hearthkyn-salvager,datacards,hearthkyn-gunner_back,https://raw.githubusercontent.com/Wen-Qualtu/kt-datacards/main/output/v2/xenos/leagues-of-votann/hearthkyn-salvager/datacards/hearthkyn-gunner_back.jpg
xenos,leagues-of-votann,hearthkyn-salvager,datacards,hearthkyn-gunner_front,https://raw.githubusercontent.com/Wen-Qualtu/kt-datacards/main/output/v2/xenos/leagues-of-votann/hearthkyn-salvager/datacards/hearthkyn-gunner_front.jpg
xenos,leagues-of-votann,hearthkyn-salvager,datacards,hearthkyn-jump-pack-warrior_front,https://raw.githubusercontent.com/Wen-Qualtu/kt-datacards/main/output/v2/xenos/leagues-of-votann/hearthkyn-salvager/datacards/hearthkyn-jump-pack-warrior_front.jpg
xenos,leagues-of-votann,hearthkyn-salvager,datacards,hearthkyn-kinlynk_back,https://raw.githubusercontent.com/Wen-Qualtu/kt-datacards/main/output/v2/xenos/leagues-of-votann/hearthkyn-salvager/datacards/hearthkyn-kinlynk_back.jpg
xenos,leagues-of-votann,hearthkyn-salvager,datacards,hearthkyn-kinlynk_front,https://raw.githubusercontent.com/Wen-Qualtu/kt-datacards/main/output/v2/xenos/leagues-of-votann/hearthkyn-salvager/datacards/hearthkyn-kinlynk_front.jpg
xenos,leagues-of-votann,hearthkyn-salvager,datacards,hearthkyn-kognitar_back,https://raw.githubusercontent.com/Wen-Qualtu/kt-datacards/main/output/v2/xenos/leagues-of-votann/hearthkyn-salvager/datacards/hearthkyn-kognitar_back.jpg
xenos,leagues-of-votann,hearthkyn-salvager,datacards,hearthkyn-kognitar_front,https://raw.githubusercontent.com/Wen-Qualtu/kt-datacards/main/output/v2/xenos/leagues-of-votann/hearthkyn-salvager/datacards/hearthkyn-kognitar_front.jpg
xenos,leagues-of-votann,hearthkyn-salvager,datacards,hearthkyn-loktr_back,https://raw.githubusercontent.com/Wen-Qualtu/kt-datacards/main/output/v2/xenos/leagues-of-votann/hearthkyn-salvager/datacards/hearthkyn-loktr_back.jpg
xenos,leagues-of-votann,hearthkyn-salvager,datacards,hearthkyn-loktr_front,https://raw.githubusercontent.com/Wen-Qualtu/kt-datacards/main/output/v2/xenos/leagues-of-votann/hearthkyn-salvager/datacards/hearthkyn-loktr_front.jpg
xenos,leagues-of-votann,hearthkyn-salvager,datacards,hearthkyn-lugger_front,https://raw.githubusercontent.com/Wen-Qualtu/kt-datacards/main/output/v2/xenos/leagues-of-votann/hearthkyn-salvager/datacards/hearthkyn-lugger_front.jpg
xenos,leagues-of-votann,hearthkyn-salvager,datacards,hearthkyn-theyn_back,https://raw.githubusercontent.com/Wen-Qualtu/kt-datacards/main/output/v2/xenos/leagues-of-votann/hearthkyn-salvager/datacards/hearthkyn-theyn_back.jpg
xenos,leagues-of-votann,hearthkyn-salvager,datacards,hearthkyn-theyn_front,https://raw.githubusercontent.com/Wen-Qualtu/kt-datacards/main/output/v2/xenos/leagues-of-votann/hearthkyn-salvager/datacards/hearthkyn-theyn_front.jpg
xenos,leagues-of-votann,hearthkyn-salvager,datacards,hearthkyn-warrior_front,https://raw.githubusercontent.com/Wen-Qualtu/kt-datacards/main/output/v2/xenos/leagues-of-votann/hearthkyn-salvager/datacards/hearthkyn-warrior_front.jpg
xenos,leagues-of-votann,hearthkyn-salvager,equipment,hearthkyn-salvager-climbing-rigs_front,https://raw.githubusercontent.com/Wen-Qualtu/kt-datacards/main/output/v2/xenos/leagues-of-votann/hearthkyn-salvager/equipment/hearthkyn-salvager-climbing-rigs_front.jpg
xenos,leagues-of-votann,hearthkyn-salvager,equipment,hearthkyn-salvager-excavation-tools_front,https://raw.githubusercontent.com/Wen-Qualtu/kt-datacards/main/output/v2/xenos/leagues-of-votann/hearthkyn-salvager/equipment/hearthkyn-salvager-excavation-tools_front.jpg
xenos,leagues-of-votann,hearthkyn-salvager,equipment,hearthkyn-salvager-plasma-knives_front,https://raw.githubusercontent.com/Wen-Qualtu/kt-datacards/main/output/v2/xenos/leagues-of-votann/hearthkyn-salvager/equipment/hearthkyn-salvager-plasma-knives_front.jpg
xenos,leagues-of-votann,hearthkyn-salvager,equipment,hearthkyn-salvager-writ-of-claim_front,https://raw.githubusercontent.com/Wen-Qualtu/kt-datacards/main/output/v2/xenos/leagues-of-votann/hearthkyn-salvager/equipment/hearthkyn-salvager-writ-of-claim_front.jpg
xenos,leagues-of-votann,hearthkyn-salvager,faction-rules,hearthkyn-salvager-grudge_back,https://raw.githubusercontent.com/Wen-Qualtu/kt-datacards/main/output/v2/xenos/leagues-of-votann/hearthkyn-salvager/faction-rules/hearthkyn-salvager-grudge_back.jpg
xenos,leagues-of-votann,hearthkyn-salvager,faction-rules,hearthkyn-salvager-grudge_front,https://raw.githubusercontent.com/Wen-Qualtu/kt-datacards/main/output/v2/xenos/leagues-of-votann/hearthkyn-salvager/faction-rules/hearthkyn-salvager-grudge_front.jpg
xenos,leagues-of-votann,hearthkyn-salvager,faction-rules,hearthkyn-salvager-markertoken-guide_back,https://raw.githubusercontent.com/Wen-Qualtu/kt-datacards/main/output/v2/xenos/leagues-of-votann/hearthkyn-salvager/faction-rules/hearthkyn-salvager-markertoken-guide_back.jpg
xenos,leagues-of-votann,hearthkyn-salvager,faction-rules,hearthkyn-salvager-markertoken-guide_front,https://raw.githubusercontent.com/Wen-Qualtu/kt-datacards/main/output/v2/xenos/leagues-of-votann/hearthkyn-salvager/faction-rules/hearthkyn-salvager-markertoken-guide_front.jpg
xenos,leagues-of-votann,hearthkyn-salvager,firefight-ploys,hearthkyn-salvager-engage-to-acquire_front,https://raw.githubusercontent.com/Wen-Qualtu/kt-datacards/main/output/v2/xenos/leagues-of-votann/hearthkyn-salvager/firefight-ploys/hearthkyn-salvager-engage-to-acquire_front.jpg
xenos,leagues-of-votann,hearthkyn-salvager,firefight-ploys,hearthkyn-salvager-sturdy_front,https://raw.githubusercontent.com/Wen-Qualtu/kt-datacards/main/output/v2/xenos/leagues-of-votann/hearthkyn-salvager/firefight-ploys/hearthkyn-salvager-sturdy_front.jpg
xenos,leagues-of-votann,hearthkyn-salvager,firefight-ploys,hearthkyn-salvager-the-ancestors-are-watching_front,https://raw.githubusercontent.com/Wen-Qualtu/kt-datacards/main/output/v2/xenos/leagues-of-votann/hearthkyn-salvager/firefight-ploys/hearthkyn-salvager-the-ancestors-are-watching_front.jpg
xenos,leagues-of-votann,hearthkyn-salvager,firefight-ploys,hearthkyn-salvager-worth-it_front,https://raw.githubusercontent.com/Wen-Qualtu/kt-datacards/main/output/v2/xenos/leagues-of-votann/hearthkyn-salvager/firefight-ploys/hearthkyn-salvager-worth-it_front.jpg
xenos,leagues-of-votann,hearthkyn-salvager,operative-selection,hearthkyn-salvager-operative-selection_back,https://raw.githubusercontent.com/Wen-Qualtu/kt-datacards/main/output/v2/xenos/leagues-of-votann/hearthkyn-salvager/operative-selection/hearthkyn-salvager-operative-selection_back.jpg
xenos,leagues-of-votann,hearthkyn-salvager,operative-selection,hearthkyn-salvager-operative-selection_front,https://raw.githubusercontent.com/Wen-Qualtu/kt-datacards/main/output/v2/xenos/leagues-of-votann/hearthkyn-salvager/operative-selection/hearthkyn-salvager-operative-selection_front.jpg
xenos,leagues-of-votann,hearthkyn-salvager,strategy-ploys,hearthkyn-salvager-need-keeps_front,https://raw.githubusercontent.com/Wen-Qualtu/kt-datacards/main/output/v2/xenos/leagues-of-votann/hearthkyn-salvager/strategy-ploys/hearthkyn-salvager-need-keeps_front.jpg
xenos,leagues-of-votann,hearthkyn-salvager,strategy-ploys,hearthkyn-salvager-proximate-firepower_front,https://raw.githubusercontent.com/Wen-Qualtu/kt-datacards/main/output/v2/xenos/leagues-of-votann/hearthkyn-salvager/strategy-ploys/hearthkyn-salvager-proximate-firepower_front.jpg
xenos,leagues-of-votann,hearthkyn-salvager,strategy-ploys,hearthkyn-salvager-toil-earns_front,https://raw.githubusercontent.com/Wen-Qualtu/kt-datacards/main/output/v2/xenos/leagues-of-votann/hearthkyn-salvager/strategy-ploys/hearthkyn-salvager-toil-earns_front.jpg
xenos,leagues-of-votann,hearthkyn-salvager,strategy-ploys,hearthkyn-salvager-wrought-defence_front,https://raw.githubusercontent.com/Wen-Qualtu/kt-datacards/main/output/v2/xenos/leagues-of-votann/hearthkyn-salvager/strategy-ploys/hearthkyn-salvager-wrought-defence_front.jpg
xenos,orks,wrecka-krew,datacards,wrecka-bomb-squig_back,https://raw.githubusercontent.com/Wen-Qualtu/kt-datacards/main/output/v2/xenos/orks/wrecka-krew/datacards/wrecka-bomb-squig_back.jpg
xenos,orks,wrecka-krew,datacards,wrecka-bomb-squig_front,https://raw.githubusercontent.com/Wen-Qualtu/kt-datacards/main/output/v2/xenos/orks/wrecka-krew/datacards/wrecka-bomb-squig_front.jpg
xenos,orks,wrecka-krew,datacards,wrecka-boss-nob_back,https://raw.githubusercontent.com/Wen-Qualtu/kt-datacards/main/output/v2/xenos/orks/wrecka-krew/datacards/wrecka-boss-nob_back.jpg
xenos,orks,wrecka-krew,datacards,wrecka-boss-nob_front,https://raw.githubusercontent.com/Wen-Qualtu/kt-datacards/main/output/v2/xenos/orks/wrecka-krew/datacards/wrecka-boss-nob_front.jpg
xenos,orks,wrecka-krew,datacards,wrecka-krew-breaka-boy-demolisha_back,https://raw.githubusercontent.com/Wen-Qualtu/kt-datacards/main/output/v2/xenos/orks/wrecka-krew/datacards/wrecka-krew-breaka-boy-demolisha_back.jpg
xenos,orks,wrecka-krew,datacards,wrecka-krew-breaka-boy-demolisha_front,https://raw.githubusercontent.com/Wen-Qualtu/kt-datacards/main/output/v2/xenos/orks/wrecka-krew/datacards/wrecka-krew-breaka-boy-demolisha_front.jpg
xenos,orks,wrecka-krew,datacards,wrecka-krew-breaka-boy-fighter_back,https://raw.githubusercontent.com/Wen-Qualtu/kt-datacards/main/output/v2/xenos/orks/wrecka-krew/datacards/wrecka-krew-breaka-boy-fighter_back.jpg
xenos,orks,wrecka-krew,datacards,wrecka-krew-breaka-boy-fighter_front,https://raw.githubusercontent.com/Wen-Qualtu/kt-datacards/main/output/v2/xenos/orks/wrecka-krew/datacards/wrecka-krew-breaka-boy-fighter_front.jpg
xenos,orks,wrecka-krew,datacards,wrecka-krew-breaka-boy-krusha_back,https://raw.githubusercontent.com/Wen-Qualtu/kt-datacards/main/output/v2/xenos/orks/wrecka-krew/datacards/wrecka-krew-breaka-boy-krusha_back.jpg
xenos,orks,wrecka-krew,datacards,wrecka-krew-breaka-boy-krusha_front,https://raw.githubusercontent.com/Wen-Qualtu/kt-datacards/main/output/v2/xenos/orks/wrecka-krew/datacards/wrecka-krew-breaka-boy-krusha_front.jpg
xenos,orks,wrecka-krew,datacards,wrecka-krew-tankbusta-gunner_back,https://raw.githubusercontent.com/Wen-Qualtu/kt-datacards/main/output/v2/xenos/orks/wrecka-krew/datacards/wrecka-krew-tankbusta-gunner_back.jpg
xenos,orks,wrecka-krew,datacards,wrecka-krew-tankbusta-gunner_front,https://raw.githubusercontent.com/Wen-Qualtu/kt-datacards/main/output/v2/xenos/orks/wrecka-krew/datacards/wrecka-krew-tankbusta-gunner_front.jpg
xenos,orks,wrecka-krew,datacards,wrecka-krew-tankbusta-rokkiteer_back,https://raw.githubusercontent.com/Wen-Qualtu/kt-datacards/main/output/v2/xenos/orks/wrecka-krew/datacards/wrecka-krew-tankbusta-rokkiteer_back.jpg
xenos,orks,wrecka-krew,datacards,wrecka-krew-tankbusta-rokkiteer_front,https://raw.githubusercontent.com/Wen-Qualtu/kt-datacards/main/output/v2/xenos/orks/wrecka-krew/datacards/wrecka-krew-tankbusta-rokkiteer_front.jpg
xenos,orks,wrecka-krew,equipment,wrecka-krew-drill-rokkits_back,https://raw.githubusercontent.com/Wen-Qualtu/kt-datacards/main/output/v2/xenos/orks/wrecka-krew/equipment/wrecka-krew-drill-rokkits_back.jpg
xenos,orks,wrecka-krew,equipment,wrecka-krew-drill-rokkits_front,https://raw.githubusercontent.com/Wen-Qualtu/kt-datacards/main/output/v2/xenos/orks/wrecka-krew/equipment/wrecka-krew-drill-rokkits_front.jpg
xenos,orks,wrecka-krew,equipment,wrecka-krew-engine-oil_back,https://raw.githubusercontent.com/Wen-Qualtu/kt-datacards/main/output/v2/xenos/orks/wrecka-krew/equipment/wrecka-krew-engine-oil_back.jpg
xenos,orks,wrecka-krew,equipment,wrecka-krew-engine-oil_front,https://raw.githubusercontent.com/Wen-Qualtu/kt-datacards/main/output/v2/xenos/orks/wrecka-krew/equipment/wrecka-krew-engine-oil_front.jpg
xenos,orks,wrecka-krew,equipment,wrecka-krew-extra-armour_back,https://raw.githubusercontent.com/Wen-Qualtu/kt-datacards/main/output/v2/xenos/orks/wrecka-krew/equipment/wrecka-krew-extra-armour_back.jpg
xenos,orks,wrecka-krew,equipment,wrecka-krew-extra-armour_front,https://raw.githubusercontent.com/Wen-Qualtu/kt-datacards/main/output/v2/xenos/orks/wrecka-krew/equipment/wrecka-krew-extra-armour_front.jpg
xenos,orks,wrecka-krew,equipment,wrecka-krew-glyphs_back,https://raw.githubusercontent.com/Wen-Qualtu/kt-datacards/main/output/v2/xenos/orks/wrecka-krew/equipment/wrecka-krew-glyphs_back.jpg
xenos,orks,wrecka-krew,equipment,wrecka-krew-glyphs_front,https://raw.githubusercontent.com/Wen-Qualtu/kt-datacards/main/output/v2/xenos/orks/wrecka-krew/equipment/wrecka-krew-glyphs_front.jpg
xenos,orks,wrecka-krew,faction-rules,wrecka-krew-markertoken-guide_back,https://raw.githubusercontent.com/Wen-Qualtu/kt-datacards/main/output/v2/xenos/orks/wrecka-krew/faction-rules/wrecka-krew-markertoken-guide_back.jpg
xenos,orks,wrecka-krew,faction-rules,wrecka-krew-markertoken-guide_front,https://raw.githubusercontent.com/Wen-Qualtu/kt-datacards/main/output/v2/xenos/orks/wrecka-krew/faction-rules/wrecka-krew-markertoken-guide_front.jpg
xenos,orks,wrecka-krew,faction-rules,wrecka-krew-tanked-up_back,https://raw.githubusercontent.com/Wen-Qualtu/kt-datacards/main/output/v2/xenos/orks/wrecka-krew/faction-rules/wrecka-krew-tanked-up_back.jpg
xenos,orks,wrecka-krew,faction-rules,wrecka-krew-tanked-up_front,https://raw.githubusercontent.com/Wen-Qualtu/kt-datacards/main/output/v2/xenos/orks/wrecka-krew/faction-rules/wrecka-krew-tanked-up_front.jpg
xenos,orks,wrecka-krew,faction-rules,wrecka-rampage_back,https://raw.githubusercontent.com/Wen-Qualtu/kt-datacards/main/output/v2/xenos/orks/wrecka-krew/faction-rules/wrecka-rampage_back.jpg
xenos,orks,wrecka-krew,faction-rules,wrecka-rampage_front,https://raw.githubusercontent.com/Wen-Qualtu/kt-datacards/main/output/v2/xenos/orks/wrecka-krew/faction-rules/wrecka-rampage_front.jpg
xenos,orks,wrecka-krew,firefight-ploys,wrecka-krew-demolition-job_back,https://raw.githubusercontent.com/Wen-Qualtu/kt-datacards/main/output/v2/xenos/orks/wrecka-krew/firefight-ploys/wrecka-krew-demolition-job_back.jpg
xenos,orks,wrecka-krew,firefight-ploys,wrecka-krew-demolition-job_front,https://raw.githubusercontent.com/Wen-Qualtu/kt-datacards/main/output/v2/xenos/orks/wrecka-krew/firefight-ploys/wrecka-krew-demolition-job_front.jpg
xenos,orks,wrecka-krew,firefight-ploys,wrecka-krew-just-a-scratch_back,https://raw.githubusercontent.com/Wen-Qualtu/kt-datacards/main/output/v2/xenos/orks/wrecka-krew/firefight-ploys/wrecka-krew-just-a-scratch_back.jpg
xenos,orks,wrecka-krew,firefight-ploys,wrecka-krew-just-a-scratch_front,https://raw.githubusercontent.com/Wen-Qualtu/kt-datacards/main/output/v2/xenos/orks/wrecka-krew/firefight-ploys/wrecka-krew-just-a-scratch_front.jpg
xenos,orks,wrecka-krew,firefight-ploys,wrecka-krew-kaboom_back,https://raw.githubusercontent.com/Wen-Qualtu/kt-datacards/main/output/v2/xenos/orks/wrecka-krew/firefight-ploys/wrecka-krew-kaboom_back.jpg
xenos,orks,wrecka-krew,firefight-ploys,wrecka-krew-kaboom_front,https://raw.githubusercontent.com/Wen-Qualtu/kt-datacards/main/output/v2/xenos/orks/wrecka-krew/firefight-ploys/wrecka-krew-kaboom_front.jpg
xenos,orks,wrecka-krew,firefight-ploys,wrecka-krew-proppa-scrap_back,https://raw.githubusercontent.com/Wen-Qualtu/kt-datacards/main/output/v2/xenos/orks/wrecka-krew/firefight-ploys/wrecka-krew-proppa-scrap_back.jpg
xenos,orks,wrecka-krew,firefight-ploys,wrecka-krew-proppa-scrap_front,https://raw.githubusercontent.com/Wen-Qualtu/kt-datacards/main/output/v2/xenos/orks/wrecka-krew/firefight-ploys/wrecka-krew-proppa-scrap_front.jpg
xenos,orks,wrecka-krew,operative-selection,wrecka-krew-operative-selection_back,https://raw.githubusercontent.com/Wen-Qualtu/kt-datacards/main/output/v2/xenos/orks/wrecka-krew/operative-selection/wrecka-krew-operative-selection_back.jpg
xenos,orks,wrecka-krew,operative-selection,wrecka-krew-operative-selection_front,https://raw.githubusercontent.com/Wen-Qualtu/kt-datacards/main/output/v2/xenos/orks/wrecka-krew/operative-selection/wrecka-krew-operative-selection_front.jpg
xenos,orks,wrecka-krew,strategy-ploys,wrecka-krew-amped-up_back,https://raw.githubusercontent.com/Wen-Qualtu/kt-datacards/main/output/v2/xenos/orks/wrecka-krew/strategy-ploys/wrecka-krew-amped-up_back.jpg
xenos,orks,wrecka-krew,strategy-ploys,wrecka-krew-amped-up_front,https://raw.githubusercontent.com/Wen-Qualtu/kt-datacards/main/output/v2/xenos/orks/wrecka-krew/strategy-ploys/wrecka-krew-amped-up_front.jpg
xenos,orks,wrecka-krew,strategy-ploys,wrecka-krew-destruction_back,https://raw.githubusercontent.com/Wen-Qualtu/kt-datacards/main/output/v2/xenos/orks/wrecka-krew/strategy-ploys/wrecka-krew-destruction_back.jpg
xenos,orks,wrecka-krew,strategy-ploys,wrecka-krew-destruction_front,https://raw.githubusercontent.com/Wen-Qualtu/kt-datacards/main/output/v2/xenos/orks/wrecka-krew/strategy-ploys/wrecka-krew-destruction_front.jpg
xenos,orks,wrecka-krew,strategy-ploys,wrecka-krew-tuff-gitz_back,https://raw.githubusercontent.com/Wen-Qualtu/kt-datacards/main/output/v2/xenos/orks/wrecka-krew/strategy-ploys/wrecka-krew-tuff-gitz_back.jpg
xenos,orks,wrecka-krew,strategy-ploys,wrecka-krew-tuff-gitz_front,https://raw.githubusercontent.com/Wen-Qualtu/kt-datacards/main/output/v2/xenos/orks/wrecka-krew/strategy-ploys/wrecka-krew-tuff-gitz_front.jpg
xenos,orks,wrecka-krew,strategy-ploys,wrecka-krew-waaagh_back,https://raw.githubusercontent.com/Wen-Qualtu/kt-datacards/main/output/v2/xenos/orks/wrecka-krew/strategy-ploys/wrecka-krew-waaagh_back.jpg
xenos,orks,wrecka-krew,strategy-ploys,wrecka-krew-waaagh_front,https://raw.githubusercontent.com/Wen-Qualtu/kt-datacards/main/output/v2/xenos/orks/wrecka-krew/strategy-ploys/wrecka-krew-waaagh_front.jpg
xenos,tau-empire,farstalker-kinband,datacards,farstalker-kinband-kroot-bow-hunter_back,https://raw.githubusercontent.com/Wen-Qualtu/kt-datacards/main/output/v2/xenos/tau-empire/farstalker-kinband/datacards/farstalker-kinband-kroot-bow-hunter_back.jpg
xenos,tau-empire,farstalker-kinband,datacards,farstalker-kinband-kroot-bow-hunter_front,https://raw.githubusercontent.com/Wen-Qualtu/kt-datacards/main/output/v2/xenos/tau-empire/farstalker-kinband/datacards/farstalker-kinband-kroot-bow-hunter_front.jpg
xenos,tau-empire,farstalker-kinband,datacards,farstalker-kinband-kroot-cold-blood_back,https://raw.githubusercontent.com/Wen-Qualtu/kt-datacards/main/output/v2/xenos/tau-empire/farstalker-kinband/datacards/farstalker-kinband-kroot-cold-blood_back.jpg
xenos,tau-empire,farstalker-kinband,datacards,farstalker-kinband-kroot-cold-blood_front,https://raw.githubusercontent.com/Wen-Qualtu/kt-datacards/main/output/v2/xenos/tau-empire/farstalker-kinband/datacards/farstalker-kinband-kroot-cold-blood_front.jpg
xenos,tau-empire,farstalker-kinband,datacards,farstalker-kinband-kroot-cut-skin_back,https://raw.githubusercontent.com/Wen-Qualtu/kt-datacards/main/output/v2/xenos/tau-empire/farstalker-kinband/datacards/farstalker-kinband-kroot-cut-skin_back.jpg
xenos,tau-empire,farstalker-kinband,datacards,farstalker-kinband-kroot-cut-skin_front,https://raw.githubusercontent.com/Wen-Qualtu/kt-datacards/main/output/v2/xenos/tau-empire/farstalker-kinband/datacards/farstalker-kinband-kroot-cut-skin_front.jpg
xenos,tau-empire,farstalker-kinband,datacards,farstalker-kinband-kroot-heavy-gunner_back,https://raw.githubusercontent.com/Wen-Qualtu/kt-datacards/main/output/v2/xenos/tau-empire/farstalker-kinband/datacards/farstalker-kinband-kroot-heavy-gunner_back.jpg
xenos,tau-empire,farstalker-kinband,datacards,farstalker-kinband-kroot-heavy-gunner_front,https://raw.githubusercontent.com/Wen-Qualtu/kt-datacards/main/output/v2/xenos/tau-empire/farstalker-kinband/datacards/farstalker-kinband-kroot-heavy-gunner_front.jpg
xenos,tau-empire,farstalker-kinband,datacards,farstalker-kinband-kroot-hound_back,https://raw.githubusercontent.com/Wen-Qualtu/kt-datacards/main/output/v2/xenos/tau-empire/farstalker-kinband/datacards/farstalker-kinband-kroot-hound_back.jpg
xenos,tau-empire,farstalker-kinband,datacards,farstalker-kinband-kroot-hound_front,https://raw.githubusercontent.com/Wen-Qualtu/kt-datacards/main/output/v2/xenos/tau-empire/farstalker-kinband/datacards/farstalker-kinband-kroot-hound_front.jpg
xenos,tau-empire,farstalker-kinband,datacards,farstalker-kinband-kroot-kill-broker_back,https://raw.githubusercontent.com/Wen-Qualtu/kt-datacards/main/output/v2/xenos/tau-empire/farstalker-kinband/datacards/farstalker-kinband-kroot-kill-broker_back.jpg
xenos,tau-empire,farstalker-kinband,datacards,farstalker-kinband-kroot-kill-broker_front,https://raw.githubusercontent.com/Wen-Qualtu/kt-datacards/main/output/v2/xenos/tau-empire/farstalker-kinband/datacards/farstalker-kinband-kroot-kill-broker_front.jpg
xenos,tau-empire,farstalker-kinband,datacards,farstalker-kinband-kroot-long-sight_back,https://raw.githubusercontent.com/Wen-Qualtu/kt-datacards/main/output/v2/xenos/tau-empire/farstalker-kinband/datacards/farstalker-kinband-kroot-long-sight_back.jpg
xenos,tau-empire,farstalker-kinband,datacards,farstalker-kinband-kroot-long-sight_front,https://raw.githubusercontent.com/Wen-Qualtu/kt-datacards/main/output/v2/xenos/tau-empire/farstalker-kinband/datacards/farstalker-kinband-kroot-long-sight_front.jpg
xenos,tau-empire,farstalker-kinband,datacards,farstalker-kinband-kroot-pistolier_back,https://raw.githubusercontent.com/Wen-Qualtu/kt-datacards/main/output/v2/xenos/tau-empire/farstalker-kinband/datacards/farstalker-kinband-kroot-pistolier_back.jpg
xenos,tau-empire,farstalker-kinband,datacards,farstalker-kinband-kroot-pistolier_front,https://raw.githubusercontent.com/Wen-Qualtu/kt-datacards/main/output/v2/xenos/tau-empire/farstalker-kinband/datacards/farstalker-kinband-kroot-pistolier_front.jpg
xenos,tau-empire,farstalker-kinband,datacards,farstalker-kinband-kroot-stalker_back,https://raw.githubusercontent.com/Wen-Qualtu/kt-datacards/main/output/v2/xenos/tau-empire/farstalker-kinband/datacards/farstalker-kinband-kroot-stalker_back.jpg
xenos,tau-empire,farstalker-kinband,datacards,farstalker-kinband-kroot-stalker_front,https://raw.githubusercontent.com/Wen-Qualtu/kt-datacards/main/output/v2/xenos/tau-empire/farstalker-kinband/datacards/farstalker-kinband-kroot-stalker_front.jpg
xenos,tau-empire,farstalker-kinband,datacards,farstalker-kinband-kroot-tracker_back,https://raw.githubusercontent.com/Wen-Qualtu/kt-datacards/main/output/v2/xenos/tau-empire/farstalker-kinband/datacards/farstalker-kinband-kroot-tracker_back.jpg
xenos,tau-empire,farstalker-kinband,datacards,farstalker-kinband-kroot-tracker_front,https://raw.githubusercontent.com/Wen-Qualtu/kt-datacards/main/output/v2/xenos/tau-empire/farstalker-kinband/datacards/farstalker-kinband-kroot-tracker_front.jpg
xenos,tau-empire,farstalker-kinband,datacards,farstalker-kinband-kroot-warrior_back,https://raw.githubusercontent.com/Wen-Qualtu/kt-datacards/main/output/v2/xenos/tau-empire/farstalker-kinband/datacards/farstalker-kinband-kroot-warrior_back.jpg
xenos,tau-empire,farstalker-kinband,datacards,farstalker-kinband-kroot-warrior_front,https://raw.githubusercontent.com/Wen-Qualtu/kt-datacards/main/output/v2/xenos/tau-empire/farstalker-kinband/datacards/farstalker-kinband-kroot-warrior_front.jpg
xenos,tau-empire,farstalker-kinband,equipment,farstalker-kinband-bolster-their-regenerative-abilities_back,https://raw.githubusercontent.com/Wen-Qualtu/kt-datacards/main/output/v2/xenos/tau-empire/farstalker-kinband/equipment/farstalker-kinband-bolster-their-regenerative-abilities_back.jpg
xenos,tau-empire,farstalker-kinband,equipment,farstalker-kinband-bolster-their-regenerative-abilities_front,https://raw.githubusercontent.com/Wen-Qualtu/kt-datacards/main/output/v2/xenos/tau-empire/farstalker-kinband/equipment/farstalker-kinband-bolster-their-regenerative-abilities_front.jpg
xenos,tau-empire,farstalker-kinband,equipment,farstalker-kinband-piercing-shot_back,https://raw.githubusercontent.com/Wen-Qualtu/kt-datacards/main/output/v2/xenos/tau-empire/farstalker-kinband/equipment/farstalker-kinband-piercing-shot_back.jpg
xenos,tau-empire,farstalker-kinband,equipment,farstalker-kinband-piercing-shot_front,https://raw.githubusercontent.com/Wen-Qualtu/kt-datacards/main/output/v2/xenos/tau-empire/farstalker-kinband/equipment/farstalker-kinband-piercing-shot_front.jpg
xenos,tau-empire,farstalker-kinband,equipment,farstalker-kinband-toxin-shot_back,https://raw.githubusercontent.com/Wen-Qualtu/kt-datacards/main/output/v2/xenos/tau-empire/farstalker-kinband/equipment/farstalker-kinband-toxin-shot_back.jpg
xenos,tau-empire,farstalker-kinband,equipment,farstalker-kinband-toxin-shot_front,https://raw.githubusercontent.com/Wen-Qualtu/kt-datacards/main/output/v2/xenos/tau-empire/farstalker-kinband/equipment/farstalker-kinband-toxin-shot_front.jpg
xenos,tau-empire,farstalker-kinband,equipment,farstalker-kinband-trophy_back,https://raw.githubusercontent.com/Wen-Qualtu/kt-datacards/main/output/v2/xenos/tau-empire/farstalker-kinband/equipment/farstalker-kinband-trophy_back.jpg
xenos,tau-empire,farstalker-kinband,equipment,farstalker-kinband-trophy_front,https://raw.githubusercontent.com/Wen-Qualtu/kt-datacards/main/output/v2/xenos/tau-empire/farstalker-kinband/equipment/farstalker-kinband-trophy_front.jpg
xenos,tau-empire,farstalker-kinband,faction-rules,farstalker-kinband-markertoken-guide_back,https://raw.githubusercontent.com/Wen-Qualtu/kt-datacards/main/output/v2/xenos/tau-empire/farstalker-kinband/faction-rules/farstalker-kinband-markertoken-guide_back.jpg
xenos,tau-empire,farstalker-kinband,faction-rules,farstalker-kinband-markertoken-guide_front,https://raw.githubusercontent.com/Wen-Qualtu/kt-datacards/main/output/v2/xenos/tau-empire/farstalker-kinband/faction-rules/farstalker-kinband-markertoken-guide_front.jpg
xenos,tau-empire,farstalker-kinband,faction-rules,farstalker_back,https://raw.githubusercontent.com/Wen-Qualtu/kt-datacards/main/output/v2/xenos/tau-empire/farstalker-kinband/faction-rules/farstalker_back.jpg
xenos,tau-empire,farstalker-kinband,faction-rules,farstalker_front,https://raw.githubusercontent.com/Wen-Qualtu/kt-datacards/main/output/v2/xenos/tau-empire/farstalker-kinband/faction-rules/farstalker_front.jpg
xenos,tau-empire,farstalker-kinband,firefight-ploys,farstalker-kinband-poach_back,https://raw.githubusercontent.com/Wen-Qualtu/kt-datacards/main/output/v2/xenos/tau-empire/farstalker-kinband/firefight-ploys/farstalker-kinband-poach_back.jpg
xenos,tau-empire,farstalker-kinband,firefight-ploys,farstalker-kinband-poach_front,https://raw.githubusercontent.com/Wen-Qualtu/kt-datacards/main/output/v2/xenos/tau-empire/farstalker-kinband/firefight-ploys/farstalker-kinband-poach_front.jpg
xenos,tau-empire,farstalker-kinband,firefight-ploys,farstalker-kinband-savage-ambush_back,https://raw.githubusercontent.com/Wen-Qualtu/kt-datacards/main/output/v2/xenos/tau-empire/farstalker-kinband/firefight-ploys/farstalker-kinband-savage-ambush_back.jpg
xenos,tau-empire,farstalker-kinband,firefight-ploys,farstalker-kinband-savage-ambush_front,https://raw.githubusercontent.com/Wen-Qualtu/kt-datacards/main/output/v2/xenos/tau-empire/farstalker-kinband/firefight-ploys/farstalker-kinband-savage-ambush_front.jpg
xenos,tau-empire,farstalker-kinband,firefight-ploys,farstalker-kinband-slip-away_back,https://raw.githubusercontent.com/Wen-Qualtu/kt-datacards/main/output/v2/xenos/tau-empire/farstalker-kinband/firefight-ploys/farstalker-kinband-slip-away_back.jpg
xenos,tau-empire,farstalker-kinband,firefight-ploys,farstalker-kinband-slip-away_front,https://raw.githubusercontent.com/Wen-Qualtu/kt-datacards/main/output/v2/xenos/tau-empire/farstalker-kinband/firefight-ploys/farstalker-kinband-slip-away_front.jpg
xenos,tau-empire,farstalker-kinband,firefight-ploys,farstalker-kinband-vengeance-for-the-kinband_back,https://raw.githubusercontent.com/Wen-Qualtu/kt-datacards/main/output/v2/xenos/tau-empire/farstalker-kinband/firefight-ploys/farstalker-kinband-vengeance-for-the-kinband_back.jpg
xenos,tau-empire,farstalker-kinband,firefight-ploys,farstalker-kinband-vengeance-for-the-kinband_front,https://raw.githubusercontent.com/Wen-Qualtu/kt-datacards/main/output/v2/xenos/tau-empire/farstalker-kinband/firefight-ploys/farstalker-kinband-vengeance-for-the-kinband_front.jpg
xenos,tau-empire,farstalker-kinband,operative-selection,farstalker-kinband-operative-selection_back,https://raw.githubusercontent.com/Wen-Qualtu/kt-datacards/main/output/v2/xenos/tau-empire/farstalker-kinband/operative-selection/farstalker-kinband-operative-selection_back.jpg
xenos,tau-empire,farstalker-kinband,operative-selection,farstalker-kinband-operative-selection_front,https://raw.githubusercontent.com/Wen-Qualtu/kt-datacards/main/output/v2/xenos/tau-empire/farstalker-kinband/operative-selection/farstalker-kinband-operative-selection_front.jpg
xenos,tau-empire,farstalker-kinband,strategy-ploys,farstalker-kinband-bound_back,https://raw.githubusercontent.com/Wen-Qualtu/kt-datacards/main/output/v2/xenos/tau-empire/farstalker-kinband/strategy-ploys/farstalker-kinband-bound_back.jpg
xenos,tau-empire,farstalker-kinband,strategy-ploys,farstalker-kinband-bound_front,https://raw.githubusercontent.com/Wen-Qualtu/kt-datacards/main/output/v2/xenos/tau-empire/farstalker-kinband/strategy-ploys/farstalker-kinband-bound_front.jpg
xenos,tau-empire,farstalker-kinband,strategy-ploys,farstalker-kinband-cut-throats_back,https://raw.githubusercontent.com/Wen-Qualtu/kt-datacards/main/output/v2/xenos/tau-empire/farstalker-kinband/strategy-ploys/farstalker-kinband-cut-throats_back.jpg
xenos,tau-empire,farstalker-kinband,strategy-ploys,farstalker-kinband-cut-throats_front,https://raw.githubusercontent.com/Wen-Qualtu/kt-datacards/main/output/v2/xenos/tau-empire/farstalker-kinband/strategy-ploys/farstalker-kinband-cut-throats_front.jpg
xenos,tau-empire,farstalker-kinband,strategy-ploys,farstalker-kinband-rogue_back,https://raw.githubusercontent.com/Wen-Qualtu/kt-datacards/main/output/v2/xenos/tau-empire/farstalker-kinband/strategy-ploys/farstalker-kinband-rogue_back.jpg
xenos,tau-empire,farstalker-kinband,strategy-ploys,farstalker-kinband-rogue_front,https://raw.githubusercontent.com/Wen-Qualtu/kt-datacards/main/output/v2/xenos/tau-empire/farstalker-kinband/strategy-ploys/farstalker-kinband-rogue_front.jpg
xenos,tau-empire,farstalker-kinband,strategy-ploys,farstalker-kinband-their-chosen-prey_back,https://raw.githubusercontent.com/Wen-Qualtu/kt-datacards/main/output/v2/xenos/tau-empire/farstalker-kinband/strategy-ploys/farstalker-kinband-their-chosen-prey_back.jpg
xenos,tau-empire,farstalker-kinband,strategy-ploys,farstalker-kinband-their-chosen-prey_front,https://raw.githubusercontent.com/Wen-Qualtu/kt-datacards/main/output/v2/xenos/tau-empire/farstalker-kinband/strategy-ploys/farstalker-kinband-their-chosen-prey_front.jpg
